"lat","lon","vienna_zone","n_obs","slope","intercept","r_squared","p_value"
"46.620472","14.045056","Outer_Vienna",34,0.0607639419404125,-111.851260504202,0.560057441501969,3.60289052862086e-07
"46.639347","13.888539","Outer_Vienna",34,0.0625515660809777,-115.225210084033,0.590476331394306,1.11780173899461e-07
"46.709377","11.665419","Outer_Vienna",34,0.0533078686019861,-97.2126050420165,0.536006647068037,8.61215626398374e-07
"47.835354","16.628096","Outer_Vienna",34,0.0682964094728799,-125.287394957983,0.557304685778553,3.9899015457908e-07
"48.087814","16.28126","Outer_Vienna",34,0.0621390374331549,-113.623529411764,0.496003199036095,3.34888560203944e-06
"48.105453","16.2957","Outer_Vienna",34,0.0627043544690601,-114.508403361344,0.502406794363249,2.71363554955537e-06
"48.148663","16.365427","Outer_Vienna",34,0.0651489686783801,-119.021848739495,0.50696908725078,2.33231172010844e-06
"48.153095","16.19079","Outer_Vienna",34,0.0641405653170357,-118.244537815126,0.505572739608528,2.44329512906575e-06
"48.157303","16.379385","Outer_Vienna",34,0.0643239113827348,-117.518487394958,0.508736942233829,2.1986074345827e-06
"48.159733","16.28534","Outer_Vienna",34,0.0658212375859432,-121.094957983193,0.516642818726334,1.68424719006033e-06
"48.167686","16.326164","Outer_Vienna",34,0.065072574484339,-119.106722689075,0.515402580638382,1.75663491655696e-06
"48.168377","16.299288","Outer_Vienna",34,0.0658517952635597,-120.838655462184,0.517499789669342,1.63588103735501e-06
"48.175632","16.367","Inner_Vienna",34,0.0659587471352175,-120.426890756302,0.518798188039925,1.56508736447612e-06
"48.17633","16.340122","Inner_Vienna",34,0.0648281130634069,-118.327731092436,0.509330961384685,2.15532640110541e-06
"48.17771","16.286362","Outer_Vienna",34,0.0661268143621082,-121.49075630252,0.518428362192751,1.58495207176963e-06
"48.17805","16.27292","Outer_Vienna",34,0.0653323147440792,-120.025210084033,0.513708963241677,1.86022815291187e-06
"48.18103","16.501934","Outer_Vienna",34,0.0655767761650113,-120.268907563025,0.523128651283994,1.34927048467564e-06
"48.183914","16.39441","Outer_Vienna",34,0.0659587471352175,-120.626890756302,0.520695583661219,1.46680606708623e-06
"48.18427","16.380968","Outer_Vienna",34,0.0663407181054237,-120.955462184873,0.52143216694712,1.43024300156956e-06
"48.18497","16.354084","Inner_Vienna",34,0.0655156608097783,-119.42268907563,0.517559236463397,1.63257494557312e-06
"48.186356","16.300314","Outer_Vienna",34,0.0666310160427805,-122.117647058823,0.527100060433397,1.17627704074245e-06
"48.1929","16.39494","Outer_Vienna",34,0.0653323147440793,-119.048739495798,0.520830038534902,1.46006688410032e-06
"48.193256","16.381495","Outer_Vienna",34,0.0669213139801371,-121.985714285713,0.520033504379156,1.50042049835469e-06
"48.193607","16.368052","Inner_Vienna",34,0.0660504201680669,-119.910924369747,0.516103838109519,1.71535308023326e-06
"48.19396","16.354607","Inner_Vienna",34,0.0673644003055765,-122.80756302521,0.536386165967718,8.49742586985273e-07
"48.19431","16.341162","Inner_Vienna",34,0.065087853323147,-118.481512605041,0.506910820499674,2.33684625199673e-06
"48.195","16.314274","Outer_Vienna",34,0.067028265851795,-122.71512605042,0.527660896899951,1.15360203272335e-06
"48.195686","16.287384","Outer_Vienna",34,0.0653323147440791,-119.836974789915,0.514488085905518,1.81187675132642e-06
"48.201893","16.395468","Outer_Vienna",34,0.0671504965622609,-122.425210084033,0.517482630826213,1.6368364866384e-06
"48.2026","16.368576","Inner_Vienna",34,0.066294881588999,-120.30756302521,0.511191535803449,2.0248988729518e-06
"48.20295","16.35513","Inner_Vienna",34,0.066355996944232,-120.612605042016,0.516279347305875,1.70516508355401e-06
"48.203297","16.341682","Inner_Vienna",34,0.0652559205500378,-118.615966386554,0.507061849014528,2.32510976166575e-06
"48.204334","16.301342","Outer_Vienna",34,0.0660656990068751,-121.373949579831,0.520063975433437,1.49885765591035e-06
"48.205357","16.261","Outer_Vienna",34,0.0659434682964092,-121.752100840336,0.512803560692322,1.917942919308e-06
"48.20603","16.234104","Outer_Vienna",34,0.065255920550038,-120.221848739495,0.514305196567344,1.82311911975255e-06
"48.207256","16.530474","Outer_Vienna",34,0.0663865546218485,-121.885714285714,0.535302970049985,8.82875061366014e-07
"48.210526","16.409447","Outer_Vienna",34,0.0657142857142855,-120.153781512605,0.518897094784006,1.55981460306611e-06
"48.21088","16.395998","Outer_Vienna",34,0.0666310160427804,-121.329411764705,0.524614610758559,1.28191272872351e-06
"48.211235","16.382551","Outer_Vienna",34,0.0665240641711227,-121.129411764705,0.52568413778646,1.23540567606981e-06
"48.211586","16.369102","Inner_Vienna",34,0.0660198624904504,-119.855462184873,0.509858494166245,2.1175638485932e-06
"48.211937","16.355654","Inner_Vienna",34,0.066172650878533,-120.350420168067,0.517179955016591,1.65377692965487e-06
"48.212284","16.342203","Inner_Vienna",34,0.0649197860962563,-117.95294117647,0.502884846925001,2.67108279873723e-06
"48.212635","16.328754","Outer_Vienna",34,0.065805958747135,-120.03781512605,0.50949534133876,2.14349202295389e-06
"48.21298","16.315306","Outer_Vienna",34,0.0655614973262029,-119.799999999999,0.522080077010488,1.39879287684548e-06
"48.213326","16.301857","Outer_Vienna",34,0.066233766233766,-121.631932773109,0.519127615272261,1.54759032809896e-06
"48.219868","16.39653","Outer_Vienna",34,0.0669213139801371,-122.350420168066,0.530644172661555,1.03974447740147e-06
"48.220222","16.383078","Outer_Vienna",34,0.0674560733384259,-123.06806722689,0.53058714375406,1.04181808573552e-06
"48.220573","16.369627","Inner_Vienna",34,0.0657754010695183,-119.647058823529,0.515409780536073,1.75620635594103e-06
"48.221622","16.329273","Inner_Vienna",34,0.066355996944232,-121.189075630252,0.524055154344509,1.30689199826831e-06
"48.22567","16.167843","Outer_Vienna",34,0.0640794499618027,-118.251260504201,0.499621257094686,2.97456857230697e-06
"48.227066","16.464323","Outer_Vienna",34,0.0660351413292587,-120.912605042016,0.526484002563697,1.20166818092945e-06
"48.22921","16.383606","Outer_Vienna",34,0.0677310924369744,-123.808403361344,0.531978744660485,9.92313947814715e-07
"48.229916","16.3567","Outer_Vienna",34,0.067517188693659,-123.520168067226,0.531348540833443,1.0144515548175e-06
"48.231644","16.28943","Outer_Vienna",34,0.0643239113827348,-118.13025210084,0.512885732805522,1.91263607277595e-06
"48.2382","16.384134","Outer_Vienna",34,0.0670741023682198,-122.692436974789,0.536107211984352,8.58161378409569e-07
"48.239944","16.316856","Outer_Vienna",34,0.066844919786096,-122.876470588235,0.531283425317219,1.01676523303832e-06
"48.245766","16.438494","Outer_Vienna",34,0.0668907563025207,-122.459663865546,0.5301145144999,1.05915369686735e-06
"48.24754","16.371206","Outer_Vienna",34,0.0673644003055766,-123.331092436974,0.531328741342529,1.01515454332208e-06
"48.24824","16.34429","Outer_Vienna",34,0.0669977081741785,-122.906722689075,0.532077361726329,9.88891199512398e-07
"48.248936","16.317373","Outer_Vienna",34,0.0657906799083267,-120.892436974789,0.516783559817299,1.67621260761899e-06
"48.254753","16.439032","Outer_Vienna",34,0.0659740259740258,-120.678151260504,0.52141358211126,1.43115487682184e-06
"48.25511","16.425571","Outer_Vienna",34,0.0669365928189455,-122.531092436974,0.529257654324276,1.09127729900637e-06
"48.257576","16.33135","Outer_Vienna",34,0.0657601222307102,-120.819327731092,0.518395171454992,1.58674643428199e-06
"48.25827","16.304428","Outer_Vienna",34,0.0647211611917493,-119.486554621848,0.503924861575587,2.58067031753164e-06
"48.2641","16.426107","Outer_Vienna",34,0.0666157372039722,-121.913445378151,0.523712180903529,1.32243139089089e-06
"48.265167","16.385721","Outer_Vienna",34,0.0678074866310157,-124.276470588235,0.535753564465029,8.689473287796e-07
"48.280884","15.712386","Outer_Vienna",34,0.0696409472880058,-128.915966386554,0.533031573902413,9.56342196716761e-07
"48.293533","16.333431","Outer_Vienna",35,0.063025210084033,-114.934453781511,0.506711107107464,1.6285792120229e-06
"48.29388","16.31996","Outer_Vienna",34,0.0677005347593581,-124.370588235294,0.5288751031183,1.10591339685946e-06
"48.294567","16.293018","Outer_Vienna",34,0.0656073338426276,-120.847899159663,0.51479105639395,1.79339647375942e-06
"48.29639","16.562958","Outer_Vienna",34,0.0662796027501908,-121.656302521008,0.523908375966345,1.3135210423676e-06
"48.30041","16.414783","Outer_Vienna",34,0.0664323911382733,-121.768907563025,0.521785249221814,1.41302243734423e-06
"48.303844","15.902297","Outer_Vienna",34,0.0672421695951106,-123.86806722689,0.517806993072803,1.6188637919788e-06
"48.345707","16.403975","Outer_Vienna",34,0.0655767761650112,-120.751260504201,0.516264986631843,1.70599654919043e-06
"48.43379","16.476847","Outer_Vienna",34,0.0672116119174941,-123.565546218487,0.534842139462422,8.9733642924617e-07
"48.473145","15.978391","Outer_Vienna",34,0.065133689839572,-119.682352941176,0.502539539052227,2.70175596320362e-06
