sampleId,ParticipantId,collectionEnd,Days,Latitude,Longitude,melanogaster,simulans,suzukii,busckii,testacea,hydei,mercatorum,repleta,funebris,immigrans,phalerata,subobscura,virilis,INCAL_WindSpeedNorth_daily,INCAL_RainfallRate_daily,INCAL_GlobalRadiation_daily,INCAL_RelativeHumidity_daily,INCAL_AirPressure_daily,INCAL_WindSpeedEast_daily,INCAL_DewPointTemperature_daily,INCAL_Temperature2m_daily,Yearly_TM,Yearly_RR,Yearly_SA,Monthly_TM,Monthly_RR,Monthly_SA,Daily_TX,Daily_TN,Daily_RR,Daily_SA
VCFC_001,VCF24A001,2024-06-19,170,48.29099,16.33058,  9, 8,35,13,39,  0,   5,  0, 0, 1, 0,0, 0,-0.086878087,7.839458e-02,253.17481,70.80203,101347.7, 0.773396015,14.1104446,19.914763,13.11834, 870.5637,6911278,20.782257, 87.675507,861546.5,25.056964,14.461056, 2.078010289,28672.039
VCFC_002,VCF24A003,2024-07-08,189,48.24752,16.43900,  1, 0, 0, 0, 0,  0,   3,  0, 0, 0, 0,0, 0, 0.180008212,4.705433e-02,245.75399,61.87661,101212.4, 0.643111831,15.3276694,23.533399,13.73870, 721.7471,7329652,24.434134, 19.231766,935633.9,28.556880,18.480676, 0.457902947,28367.396
VCFC_003,VCF24A022,2024-06-17,168,48.21183,16.39246,  0, 0, 0, 0, 0,  0,   0,  0, 0, 0, 0,0, 0, 0.159982008,1.606791e-01,241.17758,66.04126,101310.4, 1.107731837,13.1323617,20.089382,14.27861, 738.0645,7297200,22.126831, 79.087433,866864.2,24.767845,15.426531, 4.519342249,23822.369
VCFC_004,VCF24A012,2024-06-21,172,48.17681,16.36726,  4, 0, 0, 0, 0,  0,  11,  0, 2, 0, 0,0, 0, 0.285078031,6.580041e-02,240.40328,65.21617,101304.6, 1.297884975,13.6439542,20.724725,13.92402, 752.4619,7287492,21.684555, 80.272331,850664.8,26.247845,16.131333, 1.628561828,27303.540
VCFC_005,VCF24A022,2024-06-25,176,48.21183,16.39246,  2, 0, 0, 0, 0,  0,  13,  0, 0, 0, 0,0, 0,-0.239225227,4.269299e-02,265.19077,61.47306,101454.3, 0.220362060,13.6833835,21.774867,14.27861, 738.0645,7297200,22.126831, 79.087433,866864.2,26.934630,16.577627, 1.072302826,32247.824
VCFC_006,VCF24A054,2024-06-23,174,48.23861,16.38297,  0, 0, 0, 0, 0,  0,  11,  0, 0, 0, 0,0, 0,-0.570228407,6.926053e-02,254.61190,64.21385,101383.7, 0.803476421,13.4991315,20.907514,13.93061, 754.6767,7336334,21.781008, 78.838020,889579.2,26.316166,16.177856, 1.777567061,27342.131
VCFC_007,VCF24M004,2024-06-26,177,48.20246,16.39126, 47, 1, 0, 0, 0,  0,   4,  0, 1, 0, 0,0, 0,-0.075794279,3.851862e-02,269.37558,61.31009,101410.6, 0.043510998,14.2496487,22.416345,14.30741, 741.4128,7298988,22.148548, 79.621902,859675.2,27.499972,16.844514, 1.015817741,32711.105
VCFC_008,VCF24M006,2024-06-26,177,48.19930,16.35266,  0, 0, 0, 0, 0,  0,   6,  0, 0, 0, 0,0, 0,-0.029009120,4.216636e-02,267.83431,60.74168,101416.3, 0.139801386,14.2428129,22.568935,14.41113, 780.8029,7298482,22.237961, 83.301033,855718.8,27.573338,17.050720, 1.112006611,32450.665
VCFC_009,VCF24A006,2024-06-24,175,48.23286,16.29051,  0, 0, 0, 0, 0,  0,   1,  0, 0, 0, 0,0, 0,-0.490251283,5.738206e-02,271.07341,67.98702,101468.0, 1.060456775,13.4342063,19.859529,12.62921, 913.4418,7043172,20.121670, 93.533936,843774.8,24.833763,14.176995, 1.730518419,28317.030
VCFC_010,VCF24M005,2024-06-26,177,48.19845,16.36325,  6, 0, 0, 0, 0,  0,   2,  0, 0, 0, 0,0, 0,-0.033337402,4.479574e-02,267.42503,60.02312,101416.4, 0.114523618,14.2185336,22.736507,14.54847, 770.8080,7288557,22.388536, 82.358551,856469.4,27.699098,17.240037, 1.087458525,32495.631
VCFC_011,VCF24M008,2024-06-26,177,48.22169,16.40204,  7, 0, 0, 0, 0,  0,  15,  0, 0, 0, 0,0, 0,-0.125860383,4.190596e-02,272.71754,62.29692,101402.4, 0.027014915,14.3481010,22.290874,13.94833, 731.0214,7288141,21.758156, 78.565796,878299.9,27.185520,16.248420, 1.000382621,33334.819
VCFC_012,VCF24A054,2024-06-27,178,48.23861,16.38297,  5, 0, 0, 0, 0,  0,  76,  0, 1, 0, 0,0, 0,-0.124645648,4.982283e-02,276.82317,63.17206,101389.9, 0.097978754,15.0095933,22.748246,13.93061, 754.6767,7336334,21.781008, 78.838020,889579.2,27.980476,16.710142, 1.047280307,34963.469
VCFC_013,VCF24A010,2024-07-01,182,48.15257,16.37012, 79, 0, 0, 0, 0,  0,   0,  0, 2, 0, 0,0, 1,-0.275855858,5.579943e-02,268.21295,62.34697,101343.7, 0.654258025,15.6787234,23.587703,13.52043, 729.4509,7325177,24.163900, 21.836052,946533.1,29.532722,18.115534, 0.703801198,34151.700
VCFC_014,VCF24A010,2024-07-01,182,48.15257,16.37012, 21, 8, 5, 2, 1,  1,   0,  0,23,23, 2,0, 0,-0.275855858,5.579943e-02,268.21295,62.34697,101343.7, 0.654258025,15.6787234,23.587703,13.52043, 729.4509,7325177,24.163900, 21.836052,946533.1,29.532722,18.115534, 0.703801198,34151.700
VCFC_015,VCF24A084,2024-07-02,183,48.29387,16.29527,  1, 0, 0, 0, 0,  1,   2,  0, 0, 0, 0,0, 0,-0.195064767,5.716640e-02,265.80514,69.26536,101327.2, 1.098226764,15.7725260,21.972677,12.79534, 946.0264,6789198,23.187429, 28.510181,932597.8,28.473719,17.253594, 1.071118632,32345.414
VCFC_016,VCF24A096,2024-07-04,185,48.17908,16.28132,  0, 0, 0, 0, 0,  0,  29,  0, 0, 0, 0,0, 0,-0.371491097,3.251262e-02,263.61149,64.45558,101257.9, 1.183731558,14.9180994,22.301985,13.20471, 828.6726,7187861,23.694748, 27.387484,944146.1,28.029371,17.239681, 1.000215661,29672.602
VCFC_017,VCF24A119,2024-07-05,186,48.19256,16.36392,  1, 0, 0, 0, 0,  1,  16,  0, 0, 0, 0,0, 0,-0.155622676,3.609542e-02,260.60442,57.87248,101231.9, 1.649885024,14.1710191,23.332424,14.44730, 768.4668,7275263,25.161579, 21.281624,928057.0,28.776010,19.012679, 0.834354059,30861.599
VCFC_018,VCF24A030,2024-07-06,187,48.18828,16.30546, 42, 0,14, 0, 0,  0,   0,  0, 0, 0, 2,0, 0,-0.243604746,1.349382e-02,258.69904,62.59916,101229.8, 1.495573305,14.6644979,22.566620,13.46038, 811.0170,7228854,24.007879, 25.564056,936142.7,28.164711,17.471575, 0.787077224,30579.816
VCFC_019,VCF24A049,2024-07-08,189,48.22026,16.38460,  1, 0, 0, 0, 0,  0,  94,  0,21, 0, 0,0, 0, 0.112658905,2.550961e-02,249.96688,61.35894,101232.3, 1.169622045,15.2533793,23.540943,14.24639, 741.6365,7312748,25.033268, 19.136593,922059.7,28.874111,19.047049, 0.403502338,27979.449
VCFC_020,VCF24A010,2024-07-08,189,48.15257,16.37012, 31, 0, 0, 0, 0,  2,   4,  0, 9,10, 0,0, 0, 0.289734361,5.142483e-02,249.61516,62.69204,101230.5, 1.373796815,15.2243373,23.109107,13.52043, 729.4509,7325177,24.163900, 21.836052,946533.1,28.327194,18.060106, 0.519869457,27714.736
VCFC_021,VCF24A054,2024-07-05,186,48.23861,16.38297, 10, 0, 0, 0, 0,  0,  45,  0, 7, 0, 0,0, 0,-0.313877994,4.913851e-02,263.55865,59.73676,101214.7, 1.269752524,14.3758499,23.031196,13.93061, 754.6767,7336334,24.681007, 19.121374,916643.2,28.572643,18.417515, 0.803282389,31525.022
VCFC_022,VCF24A071,2024-07-08,189,48.19489,16.28251,  5, 0, 0, 0, 0,  0,  32,  0, 1, 0, 0,0, 0,-0.056245857,1.741543e-02,247.41628,65.85880,101234.9, 1.304101922,15.5809442,22.713682,13.24484, 849.2347,7208020,23.741964, 27.468180,941726.2,28.146641,17.404474, 0.637313553,27997.547
VCFC_023,VCF24A005,2024-07-08,189,48.20219,16.29594,  0, 0, 0, 0, 0,  0,  10,  0, 0, 0, 0,0, 0, 0.047949289,1.396410e-02,248.55609,65.72873,101235.6, 1.482368310,15.4414281,22.588520,13.20311, 845.4929,7228574,23.648319, 26.616096,932329.2,27.976183,17.389008, 0.605619359,27739.207
VCFC_024,VCF24A020,2024-07-08,189,48.20975,16.31395,  0, 0, 0, 0, 0, 10,  54,  0, 0, 0, 0,0, 0, 0.058181427,1.011209e-02,249.77566,64.77660,101238.0, 1.176187954,15.3707315,22.753037,13.52549, 830.4990,7257774,24.064735, 25.061800,927468.5,28.169053,17.933380, 0.554461132,27704.441
VCFC_025,VCF24M009,2024-07-09,190,48.18206,16.50312, 16, 0, 0, 0, 0, 61,   0,  0,12, 6, 0,0, 1, 0.232589977,3.003987e-02,253.03253,62.48655,101240.9, 0.892293385,15.6281208,23.707150,13.30013, 691.8010,7358534,23.941946, 21.609428,965702.1,28.755128,18.177273, 0.580867219,27449.237
VCFC_025#2,VCF24M009,2024-07-09,190,48.18206,16.50312, 13, 9, 0, 0, 0,  0,   0,  0, 0, 0, 0,0, 0, 0.232589977,3.003987e-02,253.03253,62.48655,101240.9, 0.892293385,15.6281208,23.707150,13.30013, 691.8010,7358534,23.941946, 21.609428,965702.1,28.755128,18.177273, 0.580867219,27449.237
VCFC_026,VCF24A003,2024-07-09,190,48.24752,16.43900,  0, 0, 0, 0, 0,  0,  10,  0, 0, 0, 0,0, 0, 0.220209261,4.705433e-02,240.98494,61.63618,101206.6, 0.655928586,15.6269416,23.960749,13.73870, 721.7471,7329652,24.434134, 19.231766,935633.9,29.032436,18.613566, 0.457902947,27310.871
VCFC_027,VCF24A100,2024-07-09,190,48.19308,16.31652, 24, 0, 0, 0, 0,  0,  21,  0, 4, 0, 0,0, 1, 0.203722647,1.088989e-02,245.75073,63.64385,101231.8, 1.512737677,15.6858206,23.417484,13.75287, 809.2028,7255339,24.353441, 24.850439,931264.6,28.878853,18.404029, 0.558404425,26783.482
VCFC_028,VCF24A100,2024-07-09,190,48.19308,16.31652,  0, 0, 0, 0, 0,  0,  26,  0, 0, 0, 0,0, 0, 0.203722647,1.088989e-02,245.75073,63.64385,101231.8, 1.512737677,15.6858206,23.417484,13.75287, 809.2028,7255339,24.353441, 24.850439,931264.6,28.878853,18.404029, 0.558404425,26783.482
VCFC_029,VCF24A010,2024-07-11,192,48.15257,16.37012, 38, 0, 0, 1, 0,  0,   7,  0, 3, 3, 0,0, 0, 0.256834718,8.157927e-02,244.73063,62.50171,101247.5, 1.763539724,15.7542971,23.782091,13.52043, 729.4509,7325177,24.163900, 21.836052,946533.1,29.452218,18.778497, 0.719429086,26970.481
VCFC_030,VCF24A010,2024-07-11,192,48.15257,16.37012, 12, 0, 4, 0, 0,  0,   0,  0, 0, 0, 0,0, 0, 0.256834718,8.157927e-02,244.73063,62.50171,101247.5, 1.763539724,15.7542971,23.782091,13.52043, 729.4509,7325177,24.163900, 21.836052,946533.1,29.452218,18.778497, 0.719429086,26970.481
VCFC_031,VCF24A005,2024-07-12,193,48.20219,16.29594,  0, 0, 0, 0, 0,  0,   8,  0, 0, 0, 0,0, 0,-0.009229831,3.508616e-02,246.79401,65.88434,101228.7, 1.806866337,15.9365831,23.155013,13.20311, 845.4929,7228574,23.648319, 26.616096,932329.2,29.306044,18.325922, 1.527910909,26752.174
VCFC_032,VCF24A009,2024-07-11,192,48.43389,16.47867,  0, 0, 0, 1, 0, 29,   1,  0, 0, 0, 0,0, 0,-0.006651354,1.735727e-01,249.88199,68.71374,101288.0, 0.636934273,16.2012358,22.788277,13.09008, 730.5518,7261222,23.791946, 24.191683,973592.5,29.065272,18.438308, 0.951206814,28277.422
VCFC_033,VCF24A054,2024-07-12,193,48.23861,16.38297,  6, 0, 0, 0, 0,  0,  29,  0, 3, 0, 0,0, 0,-0.001647770,6.608744e-02,251.04578,62.38384,101220.4, 1.215775329,15.8661930,24.010157,13.93061, 754.6767,7336334,24.681007, 19.121374,916643.2,30.137890,19.494710, 1.240425239,26443.074
VCFC_034,VCF24A124,2024-07-14,195,48.18959,16.29772,  0, 0, 0, 0, 0,  2,  32,  0, 1, 0, 0,0, 0,-0.329303869,3.559138e-02,248.80631,64.64034,101251.6, 1.736224387,15.8307981,23.335069,13.35515, 821.1126,7217871,23.880129, 26.186319,936335.5,29.265000,18.577029, 1.463452841,26012.467
VCFC_035,VCF24A055,2024-07-11,192,48.26137,16.38409, 84, 0, 0, 0, 0,  0,  12,  0, 0, 0, 0,0, 0, 0.035165479,5.685862e-02,247.47278,63.15397,101244.0, 0.969520264,16.0277428,23.973358,13.79656, 777.5774,7344424,24.504843, 19.755074,921105.2,29.763246,19.228963, 0.558531884,26803.842
VCFC_036,VCF24A095,2024-07-14,195,48.19511,16.28763, 65, 0, 0, 0, 0,  3,  47,  0,20, 0, 0,0, 0,-0.303791094,3.662454e-02,247.80961,65.51349,101252.1, 1.903141811,15.8695927,23.158438,13.27822, 842.5419,7218273,23.779573, 27.078672,939379.4,29.207216,18.456299, 1.499590393,26174.169
VCFC_037,VCF24A010,2024-07-15,196,48.15257,16.37012, 28, 0, 0, 0, 0,  7,   3,  0, 3, 0, 0,0, 1,-0.483258665,6.073372e-02,255.99520,61.92091,101249.9, 1.838233884,15.7448342,23.935430,13.52043, 729.4509,7325177,24.163900, 21.836052,946533.1,29.293068,18.814376, 1.200407806,27366.007
VCFC_038,VCF24A010,2024-07-15,196,48.15257,16.37012,  8,11, 4, 0, 0,  0,   0,  0, 0, 1, 0,0, 0,-0.483258665,6.073372e-02,255.99520,61.92091,101249.9, 1.838233884,15.7448342,23.935430,13.52043, 729.4509,7325177,24.163900, 21.836052,946533.1,29.293068,18.814376, 1.200407806,27366.007
VCFC_039,VCF24A016,2024-07-15,196,48.29799,16.41942, 59, 0, 0, 0, 0,  0,   5,  0, 0, 0, 0,0, 0,-0.153800255,3.802189e-02,258.69098,64.39153,101247.5, 1.010124930,16.0975679,23.783574,13.57992, 759.5504,7415578,24.260086, 19.745504,947695.7,29.439433,18.938018, 1.184092441,27501.288
VCFC_040,VCF24A133,2024-07-15,196,48.24505,16.37221, 22, 0, 0, 0, 0,  1,  14,  0, 0, 0, 0,0, 0,-0.418824522,4.649923e-02,264.49186,61.78318,101250.4, 1.147889781,15.8700598,24.158549,13.85212, 777.1276,7352119,24.556522, 19.762102,912168.0,29.573019,19.231573, 1.185612629,26238.750
VCFC_041,VCF24A014,2024-07-17,198,48.25268,16.33831,  0, 0, 0, 0, 0,  1,   8,  0, 0, 0, 0,0, 0,-0.353726061,4.029113e-02,275.28080,63.28239,101389.0, 1.439886310,16.2882100,24.202220,13.25449, 864.3170,7240516,23.754753, 23.190252,913987.4,29.438066,18.922599, 1.238746273,29016.549
VCFC_042,VCF24A010,2024-07-17,198,48.15257,16.37012, 15, 0, 0, 0, 0,  1,   3,  0, 3, 0, 0,0, 0,-0.508978339,6.082407e-02,265.76850,61.37603,101373.9, 1.537482016,16.2816846,24.699000,13.52043, 729.4509,7325177,24.163900, 21.836052,946533.1,30.050250,19.263549, 1.157630488,29993.742
VCFC_043,VCF24A010,2024-07-17,198,48.15257,16.37012, 11, 0, 2, 0, 0,  0,   0,  0, 2, 1, 0,0, 0,-0.508978339,6.082407e-02,265.76850,61.37603,101373.9, 1.537482016,16.2816846,24.699000,13.52043, 729.4509,7325177,24.163900, 21.836052,946533.1,30.050250,19.263549, 1.157630488,29993.742
VCFC_044,VCF24A003,2024-07-22,203,48.24752,16.43900,  3, 0, 0, 0, 0,  2,  18,  0, 0, 0, 0,0, 0,-0.499254256,3.882190e-02,258.04102,59.01737,101379.9, 0.826428528,16.6816068,25.874784,13.73870, 721.7471,7329652,24.434134, 19.231766,935633.9,31.193346,20.341029, 0.866826168,31102.754
VCFC_045,VCF24A031,2024-07-22,203,48.20966,16.33759, 63, 0, 0, 0, 0,  3,  15,  0, 3, 0, 0,0, 0,-0.811875214,2.670826e-02,260.77392,59.45639,101414.0, 1.349207294,16.6177232,25.590744,14.18363, 797.4373,7289141,24.836958, 22.984581,916462.8,31.245431,21.174516, 0.957788528,30509.827
VCFC_046,VCF24A133,2024-07-22,203,48.24505,16.37221, 22, 0, 2, 0, 0,  6,  18,  0, 1, 0, 0,0, 0,-0.840493691,3.781528e-02,270.76388,59.57904,101401.4, 0.894693695,16.7411596,25.694030,13.85212, 777.1276,7352119,24.556522, 19.762102,912168.0,31.170028,20.459580, 0.913081471,30269.740
VCFC_047,VCF24A006,2024-07-22,203,48.23286,16.29051, 25, 0, 0, 0, 0,  0,  11,  0, 0, 0, 0,0, 0,-1.027657823,2.914779e-02,263.17294,64.28154,101419.0, 1.746080765,16.8024121,24.486271,12.62921, 913.4418,7043172,22.878590, 27.900492,921885.2,29.591124,18.618122, 1.091232618,30712.880
VCFC_048,VCF24A071,2024-07-18,199,48.19489,16.28251, 14, 0, 0, 0, 0,  0,   9,  0, 0, 0, 0,0, 0,-0.291387272,3.463415e-02,265.91308,64.20404,101426.8, 1.195423883,16.8791278,24.658880,13.24484, 849.2347,7208020,23.741964, 27.468180,941726.2,30.355128,18.952146, 1.217248419,31789.998
VCFC_049,VCF24A106,2024-07-18,199,48.18031,16.38790,  1, 0, 0, 0, 0, 47,   4,  0, 1, 0, 0,0, 0,-0.548885238,5.504159e-02,266.37217,60.50080,101428.3, 1.167103136,16.3412177,24.988338,13.92957, 736.1318,7301576,24.618740, 20.026377,935200.2,30.817870,20.081619, 1.048715424,31773.082
VCFC_050,VCF24A010,2024-07-22,203,48.15257,16.37012, 87, 2, 0, 0, 0,  3,   5,  0, 1, 0, 0,0, 0,-1.250146945,4.824540e-02,258.63929,59.70912,101399.7, 1.494315379,16.6927942,25.558927,13.52043, 729.4509,7325177,24.163900, 21.836052,946533.1,30.963029,19.976587, 0.936989497,31630.147
VCFC_051,VCF24A010,2024-07-22,203,48.15257,16.37012, 14, 0,38, 0, 0,  2,   3,  0, 2, 1, 0,0, 0,-1.250146945,4.824540e-02,258.63929,59.70912,101399.7, 1.494315379,16.6927942,25.558927,13.52043, 729.4509,7325177,24.163900, 21.836052,946533.1,30.963029,19.976587, 0.936989497,31630.147
VCFC_052,VCF24A135,2024-07-22,203,48.25209,16.43863,  6, 0, 0, 0, 0,  0,  11,  0, 0, 0, 0,0, 0,-0.485349866,4.286015e-02,257.82273,58.95622,101378.8, 0.812165224,16.6750860,25.892834,13.73784, 723.8572,7344312,24.426716, 19.268070,936073.7,31.184224,20.338364, 0.870422385,31132.378
VCFC_053,VCF24A004,2024-07-22,203,48.22681,16.16493,  1, 0, 0, 0, 0,  0,  21,  0, 0, 0, 0,0, 0,-0.608542750,6.367182e-02,259.82912,68.57916,101443.7, 1.448713521,17.1232054,23.724570,12.19812,1046.7411,6747730,22.338758, 40.202034,920396.3,29.315113,17.783810, 1.660241114,30288.009
VCFC_054,VCF24A054,2024-07-17,198,48.23861,16.38297, 32, 0, 0, 0, 0,  0,  23,  0, 2, 0, 0,0, 0,-0.445495903,4.873264e-02,272.46180,60.73449,101371.6, 1.139347774,16.3376350,24.983482,13.93061, 754.6767,7336334,24.681007, 19.121374,916643.2,30.527727,19.900697, 1.070403435,29082.348
VCFC_055,VCF24A003,2024-07-08,189,48.24752,16.43900,  2, 0, 0, 0, 0,  0,   1,  0, 0, 0, 0,0, 0, 0.180008212,4.705433e-02,245.75399,61.87661,101212.4, 0.643111831,15.3276694,23.533399,13.73870, 721.7471,7329652,24.434134, 19.231766,935633.9,28.556880,18.480676, 0.457902947,28367.396
VCFC_056,VCF24A001,2024-07-16,197,48.29099,16.33058, 16, 0, 0, 0, 0,  5,  55,  0, 0, 1, 0,0, 0,-0.329472778,4.066148e-02,263.21602,66.50706,101315.1, 1.138108973,16.4969469,23.571616,13.11834, 870.5637,6911278,23.631407, 24.116514,932595.7,29.082511,18.470021, 1.314998858,29410.257
VCFC_057,VCF24A137,2024-07-22,203,48.22473,16.38307, 73, 0, 0, 0, 0,  1,  48,  0, 3, 0, 0,0, 0,-0.825287414,4.960221e-02,263.50891,58.46191,101400.8, 1.143740096,16.6287134,25.895322,14.17558, 744.8181,7324834,24.942074, 19.142443,920403.1,31.493452,21.091688, 0.876332220,30494.636
VCFC_058,VCF24A132,2024-07-23,204,48.19381,16.34327,  9, 0, 0, 0, 0,  0,   1,  0, 0, 0, 0,0, 0,-0.673794846,3.581355e-02,253.72349,58.55987,101403.6, 1.821576210,16.3493369,25.542247,14.19092, 786.9898,7291494,24.886936, 22.900114,924893.0,31.478132,21.393707, 0.958491758,31203.068
VCFC_059,VCF24A014,2024-07-24,205,48.25268,16.33831,  0, 0, 0, 0, 0,  3,  14,  0, 0, 1, 0,0, 0,-1.009369065,3.826225e-02,263.40715,61.65715,101402.1, 1.841971554,15.9668831,24.216885,13.25449, 864.3170,7240516,23.754753, 23.190252,913987.4,30.008143,19.919347, 1.200889362,29843.773
VCFC_060,VCF24A053,2024-07-25,206,48.10111,16.30012, 23, 0, 0, 0, 0, 17,   0,  0, 0, 1, 0,0, 0,-0.734083969,5.140200e-02,256.98323,61.46625,101366.8, 1.195814779,16.2786757,24.594789,13.20162, 713.0952,7324246,23.791027, 25.991032,970431.2,29.964572,19.424978, 1.201894343,31156.453
VCFC_061,VCF24A055,2024-07-24,205,48.26137,16.38409, 10, 1, 1, 0, 0,  1,   3,  0, 0, 0, 0,0, 0,-1.039402645,3.744920e-02,261.42704,60.13457,101382.3, 1.297141567,16.1584853,24.881626,13.79656, 777.5774,7344424,24.504843, 19.755074,921105.2,30.876906,20.688434, 1.024465724,30165.754
VCFC_062,VCF24A071,2024-07-25,206,48.19489,16.28251, 45, 0, 0, 0, 0,  2,  24,  0, 0, 0, 0,0, 0,-0.663634640,2.564564e-02,255.60712,62.30521,101378.6, 1.816748657,15.9159281,24.097613,13.24484, 849.2347,7208020,23.741964, 27.468180,941726.2,29.850760,19.273280, 1.124008384,30050.902
VCFC_063,VCF24A054,2024-07-24,205,48.23861,16.38297, 41, 0, 0, 0, 0,  1,  30,  0, 1, 0, 0,0, 0,-1.181066696,4.265104e-02,261.92887,59.23770,101383.0, 1.546961069,16.0333169,24.991147,13.93061, 754.6767,7336334,24.681007, 19.121374,916643.2,30.984316,20.909322, 0.987349960,30076.538
VCFC_064,VCF24A132,2024-07-23,204,48.19381,16.34327,  0, 0, 0, 0, 0,  0,2003,  0, 0, 0, 0,0, 0,-0.673794846,3.581355e-02,253.72349,58.55987,101403.6, 1.821576210,16.3493369,25.542247,14.19092, 786.9898,7291494,24.886936, 22.900114,924893.0,31.478132,21.393707, 0.958491758,31203.068
VCFC_065,VCF24A085,2024-07-25,206,48.22368,16.37427, 20, 0, 0, 0, 0,  2,   4,  0, 0, 0, 0,0, 0,-1.112247296,4.463912e-02,260.06710,57.60573,101373.1, 1.509703865,15.5077799,24.922240,14.29391, 754.3499,7362679,25.018032, 19.584930,918894.1,30.538652,21.174749, 0.899840407,29523.923
VCFC_066,VCF24A129,2024-07-25,206,48.22174,16.37239, 11, 0, 0, 0, 0,  0,  25,  0, 1, 0, 0,0, 0,-1.116371471,4.444008e-02,259.30214,57.48943,101374.6, 1.525495267,15.4975859,24.942722,14.37381, 755.4401,7364048,25.092325, 19.759483,919592.2,30.580238,21.282351, 0.904743830,29544.603
VCFC_067,VCF24A061,2024-07-26,207,48.26243,16.42756,  0, 0, 0, 0, 0,  0,   0,  0, 0, 0, 0,0, 0,-0.625428973,1.760728e-02,263.19306,56.65802,101367.1, 1.004144183,15.2873786,25.058204,13.78627, 736.0595,7361630,24.480534, 19.436998,933561.7,30.157234,19.937250, 0.896880460,30826.966
VCFC_068,VCF24A001,2024-07-26,207,48.29099,16.33058, 11, 0, 0, 0, 0,  2,  31,  0, 0, 0, 0,0, 0,-0.632526057,1.921126e-03,267.68324,61.08553,101407.6, 1.224945881,15.6490999,24.060544,13.11834, 870.5637,6911278,23.631407, 24.116514,932595.7,29.379152,18.932731, 1.066215292,30327.511
VCFC_069,VCF24A132,2024-07-27,208,48.19381,16.34327, 17, 0, 0, 0, 0,  0,   7,  0, 1, 0, 0,0, 0,-0.863258731,1.751377e-03,258.13805,55.50084,101427.3, 1.743823638,15.2275819,25.187742,14.19092, 786.9898,7291494,24.886936, 22.900114,924893.0,30.411189,20.529973, 0.294153968,32125.151
VCFC_071,VCF24A022,2024-07-28,209,48.21183,16.39246,  0, 0, 0, 0, 0,  0,  11,  0, 0, 0, 0,0, 0,-1.202999127,6.571229e-04,259.36190,53.93908,101483.5, 1.632091387,14.6401375,25.067611,14.27861, 738.0645,7297200,25.026831, 19.296276,927423.6,30.740336,20.860642, 0.150849971,31210.858
VCFC_072,VCF24A141,2024-07-28,209,48.21570,16.38965,  1, 0, 0, 0, 0,  0,  19,  0, 0, 0, 0,0, 0,-1.198482273,5.929788e-04,260.54809,54.03533,101482.4, 1.594206993,14.6498286,25.053424,14.23001, 738.9146,7301966,24.987045, 19.191584,924748.6,30.714444,20.788725, 0.145422911,31132.372
VCFC_073,VCF24A010,2024-07-29,210,48.15257,16.37012,  0, 0,45, 0, 0,  1,   0,  0, 0, 2, 2,0, 0,-1.930949076,2.343507e-03,259.70803,54.55227,101496.2, 1.963440028,14.1471717,24.379522,13.52043, 729.4509,7325177,24.163900, 21.836052,946533.1,30.139372,19.320976, 0.255266898,31961.911
VCFC_074,VCF24A010,2024-07-29,210,48.15257,16.37012, 15, 0, 0, 0, 0,  2,   6,  0, 3, 0, 0,0, 0,-1.930949076,2.343507e-03,259.70803,54.55227,101496.2, 1.963440028,14.1471717,24.379522,13.52043, 729.4509,7325177,24.163900, 21.836052,946533.1,30.139372,19.320976, 0.255266898,31961.911
VCFC_075,VCF24A142,2024-07-30,211,48.25192,16.32059,  0, 0, 0, 0, 0,  0, 646,  0, 0, 0, 0,0, 0,-0.889171854,1.007805e-02,269.75575,56.26357,101534.0, 1.581177708,13.7897263,23.540456,12.87590, 898.6568,7187462,23.206886, 25.219875,921449.2,28.940773,17.886089, 0.286458264,31608.427
VCFC_076,VCF24A142,2024-07-30,211,48.25192,16.32059,  0, 0, 0, 0, 0,  0, 121,  0, 0, 0, 0,0, 0,-0.889171854,1.007805e-02,269.75575,56.26357,101534.0, 1.581177708,13.7897263,23.540456,12.87590, 898.6568,7187462,23.206886, 25.219875,921449.2,28.940773,17.886089, 0.286458264,31608.427
VCFC_078,VCF24A149,2024-08-01,213,48.16594,16.32444,  0, 0, 0, 0, 0,  0,   3,  0, 0, 0, 0,0, 0,-1.130623672,2.042621e-02,251.96795,54.85086,101355.5, 1.634249796,14.0307461,24.215252,13.52439, 780.4857,7278145,24.635929, 78.083786,958156.8,30.158057,18.147284, 0.407304656,31829.318
VCFC_079,VCF24A149,2024-08-01,213,48.16594,16.32444,  2, 0, 0, 0, 0,  0,   2,  0, 0, 0, 0,0, 0,-1.130623672,2.042621e-02,251.96795,54.85086,101355.5, 1.634249796,14.0307461,24.215252,13.52439, 780.4857,7278145,24.635929, 78.083786,958156.8,30.158057,18.147284, 0.407304656,31829.318
VCFC_080,VCF24A004,2024-07-31,212,48.22681,16.16493, 36, 0, 0, 0, 0,  0,  40,  0, 0, 0, 0,0, 0,-0.852979104,4.384346e-02,264.18325,61.46268,101485.0, 1.222480906,14.3575965,22.780536,12.19812,1046.7411,6747730,22.338758, 40.202034,920396.3,28.887960,15.726175, 0.594129272,31585.288
VCFC_081,VCF24A133,2024-07-31,212,48.24505,16.37221,  0, 0, 0, 0, 0,  7,  21,  0, 0, 0, 0,0, 0,-1.025545531,1.673029e-03,264.44613,53.18373,101446.7, 0.834346845,13.6712866,24.400098,13.85212, 777.1276,7352119,24.556522, 19.762102,912168.0,30.078577,18.911287, 0.118992291,31874.050
VCFC_082,VCF24A035,2024-07-24,205,48.15649,16.28339, 12,21, 7, 0, 1,  0,   0,  0, 0, 0, 0,1, 0,-0.966615343,3.390896e-02,255.74442,62.69855,101395.2, 1.663517320,16.2753277,24.284324,13.02802, 799.6995,7245432,23.463470, 26.963356,947597.3,30.182378,19.217378, 1.405663537,31130.647
VCFC_083,VCF24A035,2024-07-24,205,48.15649,16.28339, 57, 0, 0, 0, 0,  8,   1,  0, 0, 0, 0,0, 0,-0.966615343,3.390896e-02,255.74442,62.69855,101395.2, 1.663517320,16.2753277,24.284324,13.02802, 799.6995,7245432,23.463470, 26.963356,947597.3,30.182378,19.217378, 1.405663537,31130.647
VCFC_084,VCF24A035,2024-07-30,211,48.15649,16.28339,  0, 6, 3, 0, 0,  0,   0,  0, 0, 0, 0,0, 0,-0.878455546,7.554396e-03,266.62820,56.42847,101520.6, 1.185091401,14.0558402,23.806268,13.02802, 799.6995,7245432,23.463470, 26.963356,947597.3,29.524993,17.503976, 0.506559645,32644.852
VCFC_085,VCF24A035,2024-07-31,212,48.15649,16.28339, 52, 0, 0, 0, 0,  1,   4,  0, 0, 0, 0,0, 0,-0.737799294,2.914582e-02,261.08216,55.92060,101453.2, 1.081263567,14.0673047,23.959046,13.02802, 799.6995,7245432,23.463470, 26.963356,947597.3,29.663447,17.025265, 0.458703577,33006.415
VCFC_086,VCF24A014,2024-07-31,212,48.25268,16.33831, 33, 0, 0, 0, 0,  7,  12,  0, 0, 0, 0,0, 0,-0.874753013,4.105993e-03,262.88022,54.81163,101460.4, 1.135946693,13.7165941,23.896108,13.25449, 864.3170,7240516,23.754753, 23.190252,913987.4,29.493712,18.116181, 0.191024914,31784.576
VCFC_087,VCF24A142,2024-07-31,212,48.25192,16.32059,  0, 0, 0, 0, 0,  0,   7,  0, 0, 0, 0,0, 0,-0.762750868,9.817633e-03,261.25390,55.77255,101466.3, 1.477209055,13.8126913,23.700030,12.87590, 898.6568,7187462,23.206886, 25.219875,921449.2,29.131086,17.454185, 0.251303067,32006.071
VCFC_088,VCF24A144,2024-08-01,213,48.19662,16.39143,  0, 0, 0, 0, 0,  0, 117,  0, 0, 0, 0,0, 0,-0.989333089,1.150536e-02,247.72863,52.56812,101361.9, 1.681518791,13.7068044,24.564931,14.21066, 740.9795,7303584,25.374481, 95.578255,941476.1,30.362060,19.721487, 0.186661118,31752.139
VCFC_089,VCF24A146,2024-08-02,214,48.20210,16.34320, 25, 4, 0, 0, 0,  1,   7,  0, 1, 0, 0,0, 0,-0.777425344,1.154585e-02,245.83393,53.66887,101317.9, 1.954876748,13.7154407,24.255802,14.29870, 789.3160,7294960,25.467184, 98.284302,943103.7,30.199106,20.243821, 0.305562017,29913.678
VCFC_090,VCF24A054,2024-08-04,216,48.23861,16.38297,  1, 0, 0, 0, 0,  0,  23,  0, 0, 0, 0,0, 0,-0.919582198,2.511379e-02,248.92505,56.40404,101357.5, 1.536340734,13.8437832,23.620026,13.93061, 754.6767,7336334,25.118755,107.375252,938249.2,29.846654,18.843919, 0.339839812,30059.835
VCFC_091,VCF24A055,2024-08-03,215,48.26137,16.38409, 16, 9, 0, 0, 0,  1,   1,  0, 0, 0, 0,0, 0,-0.740019931,6.096476e-03,263.21163,55.65230,101312.3, 1.153171296,13.8285461,23.860558,13.79656, 777.5774,7344424,24.991041,111.047379,942973.8,29.933957,18.801370, 0.154570935,29251.344
VCFC_092,VCF24A150,2024-08-05,217,48.20461,16.26753,  2, 6, 0, 0, 0, 19,   1,  0, 1, 0, 0,0, 0,-0.627896030,6.156435e-02,246.93372,61.32075,101384.7, 2.124310848,14.0132207,22.521879,12.65486, 887.8865,7099444,23.496937, 84.350266,958984.9,28.613536,16.254678, 1.497514867,27388.342
VCFC_093,VCF24A124,2024-08-05,217,48.18959,16.29772,  4, 0, 0, 0, 0,  0,  46,  0, 1, 0, 0,0, 0,-0.559949167,4.116119e-02,250.35307,59.00829,101381.3, 1.624789360,13.8786911,22.956011,13.35515, 821.1126,7217871,24.386675, 82.986992,960210.1,29.073956,17.466263, 1.319892106,27651.669
VCFC_094,VCF24A084,2024-08-05,217,48.29387,16.29527, 39, 4, 0, 3, 0,  1,   5,  0, 0, 0, 0,0, 0,-0.454723690,1.866789e-02,254.01281,60.88788,101396.6, 1.695295960,13.9047523,22.387604,12.79534, 946.0264,6789198,23.718218,111.664383,931951.7,28.597384,16.908613, 1.297022767,27200.892
VCFC_095,VCF24A004,2024-08-05,217,48.22681,16.16493,  8, 0, 0, 0, 0,  0,  22,  0, 0, 0, 0,0, 0,-0.744561057,9.305729e-02,254.24533,64.65964,101410.2, 1.757306211,14.0885424,21.690686,12.19812,1046.7411,6747730,22.956123, 63.773964,942611.8,28.198643,15.725132, 1.722387226,26403.979
VCFC_096,VCF24A022,2024-08-05,217,48.21183,16.39246, 40, 0, 0, 0, 0,  0,   8,  0, 0, 0, 0,0, 0,-0.842898999,2.353656e-02,246.65686,55.38870,101378.1, 1.559333591,13.4508902,23.524502,14.27861, 738.0645,7297200,25.491510, 99.668571,938912.1,29.292101,19.419346, 0.942364285,27557.878
VCFC_097,VCF24A149,2024-08-08,220,48.16594,16.32444,  2, 0, 0, 0, 0,  0,   3,  0, 1, 0, 0,0, 0,-0.754027947,3.801102e-02,253.85228,57.93861,101363.1, 1.396073148,13.8536652,23.231342,13.52439, 780.4857,7278145,24.635929, 78.083786,958156.8,29.493579,17.188893, 1.035614565,30391.754
VCFC_098,VCF24A051,2024-08-07,219,48.23894,16.31074,  0, 2, 0, 0, 0,  0,  45,  0, 0, 0, 0,0, 0,-0.698021929,4.621631e-02,257.36195,59.09254,101352.6, 1.355533379,13.6448844,22.663554,13.04275, 884.2587,7216905,23.973738,107.589592,948670.6,28.603634,16.725789, 1.271265060,30347.533
VCFC_099,VCF24A141,2024-08-07,219,48.21570,16.38965,  2, 0, 0, 0, 0,  0,  26,  0, 1, 0, 0,0, 0,-0.639863904,2.115083e-02,254.54846,55.47046,101340.2, 1.147676228,13.4326978,23.522223,14.23001, 738.9146,7301966,25.438141,101.304283,938614.4,29.224620,18.529006, 0.919862300,30601.770
VCFC_100,VCF24A129,2024-08-08,220,48.22174,16.37239, 75, 0, 0, 0, 0,  1,  49,  0, 2, 0, 0,0, 0,-0.600759783,2.901927e-02,254.81934,55.87946,101364.1, 1.065700322,13.6042159,23.610784,14.37381, 755.4401,7364048,25.580437,104.728394,942232.2,29.664590,18.889229, 0.914308670,30137.460
VCFC_101,VCF24A133,2024-08-09,221,48.24505,16.37221,  0, 0, 2, 0, 0, 25,  12,  0, 0, 0, 0,0, 0,-0.708451126,2.930098e-02,254.76324,56.97847,101412.2, 0.985731495,13.8939249,23.577979,13.85212, 777.1276,7352119,24.964468,109.779312,937713.6,29.814065,17.814419, 0.938105470,30304.173
VCFC_102,VCF24A135,2024-08-09,221,48.25209,16.43863,  2, 0, 0, 0, 0,  0,   5,  0, 0, 0, 0,0, 0,-0.244890336,9.811659e-03,244.43937,56.25269,101389.3, 0.779699902,13.8041005,23.774399,13.73784, 723.8572,7344312,24.891417, 92.131111,949453.8,29.626620,17.457416, 0.863626695,30673.512
VCFC_103,VCF24A004,2024-08-08,220,48.22681,16.16493,  0, 0, 0, 0, 0,  0,   0,  0, 0, 0, 0,0, 0,-0.593498136,5.867811e-02,253.61091,64.44785,101394.0, 1.535369187,14.1799033,21.873524,12.19812,1046.7411,6747730,22.956123, 63.773964,942611.8,28.630821,15.147716, 1.422031843,29483.108
VCFC_104,VCF24A035,2024-08-07,219,48.15649,16.28339, 40,33, 7, 0, 0,  0,   0,  0, 0, 0, 0,0, 0,-0.455646796,4.116159e-02,255.86847,59.59802,101346.0, 1.091972455,13.8574999,22.757772,13.02802, 799.6995,7245432,23.979021, 63.338535,970926.1,28.894541,16.017670, 1.370263917,30849.736
VCFC_105,VCF24A035,2024-08-07,219,48.15649,16.28339, 36, 0, 0, 1, 0,  1,   5,  0, 0, 0, 0,0, 0,-0.455646796,4.116159e-02,255.86847,59.59802,101346.0, 1.091972455,13.8574999,22.757772,13.02802, 799.6995,7245432,23.979021, 63.338535,970926.1,28.894541,16.017670, 1.370263917,30849.736
VCFC_106,VCF24A035,2024-08-11,223,48.15649,16.28339, 25, 0, 0, 0, 0,  0,   0,  0, 0, 5, 2,0, 0,-0.671107738,4.115176e-02,251.17058,59.54832,101453.6, 1.228040945,14.3211677,23.291147,13.02802, 799.6995,7245432,23.979021, 63.338535,970926.1,29.528122,16.673957, 1.076067414,30900.949
VCFC_107,VCF24A035,2024-08-11,223,48.15649,16.28339, 86, 2, 0, 0, 0,  2,   5,  0, 0, 0, 0,0, 0,-0.671107738,4.115176e-02,251.17058,59.54832,101453.6, 1.228040945,14.3211677,23.291147,13.02802, 799.6995,7245432,23.979021, 63.338535,970926.1,29.528122,16.673957, 1.076067414,30900.949
VCFC_108,VCF24A001,2024-08-10,222,48.29099,16.33058, 42, 6, 0, 0, 0,  5,  23,  0, 0, 0, 0,0, 0,-0.525903434,1.421240e-02,253.60713,59.82734,101466.8, 1.159982615,14.1517119,23.001380,13.11834, 870.5637,6911278,24.093491,116.830872,931741.8,29.415372,17.175359, 1.148056454,29729.176
VCFC_109,VCF24A040,2024-08-12,224,48.16464,16.29894, 24, 0, 0, 0, 0,  2,   1,  0, 0, 0, 0,0, 0,-0.729957186,8.993644e-02,247.67876,60.03889,101366.9, 1.364677547,14.8395856,23.693854,13.26631, 793.0052,7229584,24.316597, 70.958710,966481.5,29.903444,16.996132, 1.849987050,32392.132
VCFC_110,VCF24A106,2024-08-12,224,48.18031,16.38790, 84, 0, 0, 0, 0, 28,   4,  0, 1, 0, 0,0, 0,-0.904786946,1.097214e-01,245.90615,56.58536,101370.4, 1.709442402,14.3826569,24.104501,13.92957, 736.1318,7301576,25.080563, 90.255920,947063.2,29.861392,18.602263, 1.366599623,31698.720
VCFC_111,VCF24A151,2024-07-12,193,48.19945,16.34968,  8, 0, 0, 0, 0,  5, 330,  0, 1, 0, 0,0, 0, 0.328253714,4.975359e-02,248.16818,61.24144,101238.3, 1.642159324,15.7153106,24.151245,14.37542, 783.2819,7300588,25.073986, 22.280798,921446.4,30.220394,19.923164, 1.356385287,26273.089
VCFC_112,VCF24A001,2024-08-12,224,48.29099,16.33058, 11, 5, 0, 0, 0,  1,  28,  0, 0, 0, 0,0, 0,-0.433475310,2.291254e-02,248.83627,61.01637,101375.8, 0.951525589,14.8667449,23.440534,13.11834, 870.5637,6911278,24.093491,116.830872,931741.8,29.577536,17.182044, 1.665755474,31219.505
VCFC_114,VCF24A084,2024-08-13,225,48.29387,16.29527, 39, 0, 0, 0, 0,  1,  13,  0, 0, 0, 0,0, 0,-0.267286135,2.532404e-02,241.24685,63.10882,101368.8, 1.398021076,15.5142557,23.449167,12.79534, 946.0264,6789198,23.718218,111.664383,931951.7,29.881688,16.926125, 1.876110711,30319.455
VCFC_115,VCF24A067,2024-07-26,207,48.29614,16.56400,  0, 0, 0, 0, 0,  0,   0,  0, 0, 0, 0,0, 0,-0.944474374,1.131598e-02,267.46706,59.86279,101389.8, 1.105902257,15.3781111,24.321238,13.39325, 666.0167,7501088,24.005188, 20.835512,979251.5,29.954049,19.143789, 0.993230532,32424.580
VCFC_116,VCF24A067,2024-08-12,224,48.29614,16.56400,  0, 0, 0, 0, 0,  0,   1,  0, 0, 0, 0,0, 0,-0.533715433,4.190604e-02,243.75591,61.39914,101366.0, 0.720281326,14.6234720,23.329433,13.39325, 666.0167,7501088,24.445301, 60.503880,976264.9,29.736777,16.808210, 1.215004569,32076.880
VCFC_117,VCF24A004,2024-08-13,225,48.22681,16.16493,  3, 0, 0, 0, 0,  0,   3,  0, 0, 0, 0,0, 0,-0.496241283,8.721610e-02,234.24407,67.17865,101381.3, 1.446255433,15.7302012,22.698843,12.19812,1046.7411,6747730,22.956123, 63.773964,942611.8,29.471978,15.863145, 2.483028127,30256.976
VCFC_118,VCF24A014,2024-08-13,225,48.25268,16.33831,  0, 0, 0, 0, 0,  0,   3,  0, 0, 0, 0,0, 0,-0.500779445,5.966514e-02,241.48652,60.63603,101357.6, 1.210979536,15.2132965,23.843448,13.25449, 864.3170,7240516,24.242149,114.404236,937550.9,29.990930,17.853235, 1.591865065,30231.375
VCFC_119,VCF24A125,2024-08-01,213,48.22984,16.35489, 20, 0, 0, 0, 0,  0,  32,  0, 0, 0, 0,0, 0,-0.907007042,5.140399e-03,256.29604,53.86892,101358.2, 1.295737999,13.8148513,24.319535,13.91065, 786.3399,7356790,25.081257,106.765602,935952.5,30.218774,19.189139, 0.194908294,30832.819
VCFC_120,VCF24A019,2024-08-13,225,48.20722,16.37597,  0, 0, 0, 0, 0,  0,   6,  0, 0, 0, 0,0, 0,-0.436759523,5.318329e-02,237.27985,57.00409,101356.1, 1.171980401,15.1774986,24.850409,14.58838, 756.9610,7310318,25.790897,101.956406,941367.1,30.504319,19.908116, 1.396537398,30836.578
VCFC_121,VCF24A148,2024-08-12,224,48.21103,16.37719, 99, 0, 0, 0, 0,  9,   7,  0, 0, 0, 0,0, 0,-0.634777201,4.721006e-02,245.73361,56.31096,101370.6, 1.201519171,14.5386804,24.460921,14.49770, 753.3109,7317246,25.708418,102.324554,940815.1,30.079253,19.534649, 1.378012652,31416.022
VCFC_122,VCF24A071,2024-08-16,228,48.19489,16.28251, 14, 0, 0, 0, 0,  3,  12,  0, 0, 0, 0,0, 0,-0.308184754,8.636917e-02,239.00902,63.56449,101418.9, 1.254337096,16.1335625,24.076851,13.24484, 849.2347,7208020,24.249722, 82.470833,966491.5,30.737919,18.033455, 1.923971698,31574.639
VCFC_123,VCF24A149,2024-08-14,226,48.16594,16.32444,  0, 0, 0, 0, 0,  0,   4,  0, 0, 0, 0,0, 0,-0.843901672,8.755482e-02,236.71175,60.30247,101356.1, 1.612347325,15.7034170,24.390907,13.52439, 780.4857,7278145,24.635929, 78.083786,958156.8,30.659128,18.351146, 1.751661265,30426.055
VCFC_124,VCF24A030,2024-08-18,230,48.18828,16.30546, 15, 0, 0, 0, 0,  4,   8,  0, 1, 0, 0,0, 2,-0.271288985,7.574697e-02,230.97681,63.36300,101379.8, 1.158364710,16.5486970,24.556083,13.46038, 811.0170,7228854,24.511129, 84.031609,958622.9,31.219601,18.616802, 5.278584996,31040.098
VCFC_125,VCF24A084,2024-08-18,230,48.29387,16.29527, 17, 0, 0, 0, 0,  6,  14,  0, 0, 0, 0,0, 0,-0.104598223,3.628196e-02,237.74277,65.74808,101398.5, 1.305445818,16.5159269,23.823406,12.79534, 946.0264,6789198,23.718218,111.664383,931951.7,30.562215,17.869709, 7.163866129,30227.521
VCFC_126,VCF24A142,2024-08-14,226,48.25192,16.32059,  0, 0, 0, 0, 0,  1,2271,  0, 0, 0, 0,0, 0,-0.472668346,6.811373e-02,237.95622,61.72913,101371.9, 1.972284940,15.5037801,23.770303,12.87590, 898.6568,7187462,23.739788,114.151749,941515.2,29.925062,17.761327, 1.727776448,29432.217
VCFC_127,VCF24A008,2024-08-19,231,48.21031,16.32637, 20, 0, 0, 0, 0,  3,  14,  0, 2, 0, 0,0, 6,-0.314529674,8.267274e-02,237.94517,62.07372,101374.3, 1.029235113,16.5208028,24.850437,13.88827, 813.2527,7272618,25.002428, 97.813507,946174.7,31.132439,19.805508, 6.085023911,31590.098
VCFC_128,VCF24A009,2024-08-18,230,48.43389,16.47867, 25, 0, 0, 0, 0,  0,  11,  0, 0, 0, 0,0, 0,-0.262161425,4.891283e-02,232.64821,66.05374,101412.0, 0.415945603,16.4142120,23.769857,13.09008, 730.5518,7261222,24.242275, 80.323402,955465.2,30.762307,18.275650, 3.984956173,31199.219
VCFC_129,VCF24A133,2024-08-19,231,48.24505,16.37221,  7, 0, 0, 0, 0,  1,   4,  0, 0, 0, 0,0, 0,-0.418063679,1.927463e-01,245.61272,62.27240,101363.2, 0.693215593,16.6670609,25.008489,13.85212, 777.1276,7352119,24.964468,109.779312,937713.6,31.494777,19.473772, 6.988272437,31274.357
VCFC_130,VCF24A056,2024-08-19,231,48.20227,16.34719,  6, 0, 0, 0, 0,  0,   7,  0, 0, 0, 0,0, 0,-0.191970288,8.943697e-02,236.31604,59.96773,101377.8, 1.089580618,16.4419839,25.343081,14.36407, 785.9788,7301873,25.537071, 98.975746,943335.4,31.335212,20.627594, 6.185638607,31427.521
VCFC_131_1,VCF24A049,2024-07-22,203,48.22026,16.38460,  0, 0, 0, 0, 0,  0,  21,  0, 0, 0, 0,0, 0,-0.837621274,5.109324e-02,262.38465,58.27050,101402.5, 1.184214687,16.6042373,25.920849,14.24639, 741.6365,7312748,25.033268, 19.136593,922059.7,31.548317,21.220719, 0.875446682,30555.979
VCFC_131_2,VCF24A164,2024-07-22,203,46.71321,11.66476, 46, 0, 0, 0, 0,  0,   0,  0, 0, 0, 0,0, 0,NA,NA,NA,NA,NA,NA,NA,NA,NA,NA,NA,NA,NA,NA,NA,NA,NA,NA
VCFC_131_3,VCF24A165,2024-07-22,203,48.11494,11.58329,  0, 0, 0, 0, 0,  0,   1,  0, 0, 0, 0,0, 0, 0.454920029,8.847285e-02,251.50152,69.46933,101460.1, 1.021975974,16.5621559,22.989457,NA,NA,NA,NA,NA,NA,NA,NA,NA,NA
VCFC_132,VCF24A142,2024-08-20,232,48.25192,16.32059,  0, 0, 0, 0, 0,  0, 292,  0, 0, 0, 0,0, 0,-0.326306505,1.376928e-01,230.63177,65.03599,101377.4, 1.859310164,16.7945274,24.310421,12.87590, 898.6568,7187462,23.739788,114.151749,941515.2,30.563869,18.346389, 6.509545693,32847.999
VCFC_133,VCF24A014,2024-08-20,232,48.25268,16.33831,  0, 0, 0, 0, 0,  5,  15,  0, 0, 0, 0,0, 0,-0.372729582,1.715682e-01,232.25403,64.30671,101371.0, 1.397785592,16.8198135,24.544860,13.25449, 864.3170,7240516,24.242149,114.404236,937550.9,31.101640,18.862893, 6.576309956,32655.396
VCFC_134,VCF24A084,2024-08-19,231,48.29387,16.29527, 25, 0, 0, 0, 0, 11,  23,  0, 0, 0, 0,0, 0,-0.085971123,2.717288e-02,242.62190,65.56209,101389.6, 1.250888288,16.6753365,24.033998,12.79534, 946.0264,6789198,23.718218,111.664383,931951.7,30.455161,18.030146, 6.855409581,31113.581
VCFC_135,VCF24A102,2024-08-18,230,48.16143,16.37724,  0, 0, 0, 0, 0,  0,   1,  0, 0, 0, 0,0, 0,-0.795959858,1.095664e-01,229.02893,61.20297,101374.1, 1.431593510,16.2038083,24.691393,13.57020, 732.1738,7311206,24.698660, 82.758598,953793.8,31.185627,19.052569, 5.269805823,30635.569
VCFC_136,VCF24A003,2024-08-21,233,48.24752,16.43900,  0, 0, 0, 0, 0,  0,   0,  0, 0, 0, 0,0, 0,-0.161465398,1.416362e-01,219.27108,61.00541,101350.8, 0.730210660,16.5852051,25.272063,13.73870, 721.7471,7329652,24.888153, 91.393059,949038.9,31.794317,19.851224, 5.255439687,30366.250
VCFC_137,VCF24A040,2024-08-21,233,48.16464,16.29894, 37, 0, 0, 0, 0, 21,   3,  0, 2, 0, 0,0, 1,-0.537887219,8.982208e-02,219.06759,64.01352,101379.6, 1.426938226,16.7789118,24.569196,13.26631, 793.0052,7229584,24.316597, 70.958710,966481.5,31.460658,19.007048, 3.664816032,31056.246
VCFC_138,VCF24A153,2024-08-20,232,48.20835,16.37250,  0, 0, 0, 0, 0,  0,   4,  0, 0, 0, 0,0, 0,-0.337154220,1.269048e-01,221.30354,60.06889,101368.5, 1.298543019,16.7866386,25.653243,14.64258, 760.4434,7318491,25.843397,102.586174,942600.6,31.953007,21.013993, 5.902899916,32711.356
VCFC_139,VCF24A129,2024-08-21,233,48.22174,16.37239,  9, 1, 0, 0, 0,  4,  44,  0, 1, 0, 0,0, 0,-0.442023826,1.535909e-01,219.15221,61.17193,101379.1, 1.159439121,16.6478732,25.212254,14.37381, 755.4401,7364048,25.580437,104.728394,942232.2,31.987173,20.975198, 6.091804104,29919.390
VCFC_140,VCF24A054,2024-08-21,233,48.23861,16.38297, 60, 0, 0, 0, 0,  8,  50,  0, 2, 0, 0,0, 0,-0.461717377,1.723501e-01,222.85338,62.22817,101371.7, 1.014726441,16.7274295,25.031552,13.93061, 754.6767,7336334,25.118755,107.375252,938249.2,31.922575,20.250206, 6.279090305,29750.472
VCFC_141,VCF24A149,2024-08-21,233,48.16594,16.32444,  2, 0, 0, 0, 0,  0,   4,  0, 0, 0, 0,0, 0,-0.723239934,8.738384e-02,218.40198,62.73704,101377.6, 1.523613571,16.7215949,24.838931,13.52439, 780.4857,7278145,24.635929, 78.083786,958156.8,31.592544,19.526300, 4.163733332,30655.352
VCFC_142,VCF24A152,2024-08-22,234,48.21495,16.30712, 11, 0, 0, 0, 0,  0,   2,  0, 0, 0, 0,0, 1,-0.336763019,1.329362e-01,222.77377,63.93036,101386.6, 0.992906564,16.5814170,24.413435,13.36502, 851.2786,7256156,24.386185, 96.992012,954357.9,30.889118,19.296298, 5.389681255,29184.388
VCFC_143,VCF24A121,2024-08-22,234,48.19364,16.39629, 18, 0, 0, 0, 0,  1,  13,  0, 0, 0, 0,0, 0,-0.461391418,6.982822e-02,221.75473,59.78869,101382.5, 1.217379351,16.3381631,25.197420,14.09851, 735.5762,7306656,25.235428, 93.443054,943201.3,31.457525,20.514050, 5.336593795,28870.269
VCFC_144,VCF24A051,2024-08-22,234,48.23894,16.31074, 17, 0, 0, 0, 0,  1,  29,  0, 0, 0, 0,0, 0,-0.443790850,1.587153e-01,226.15553,64.61458,101394.8, 1.286185288,16.5170616,24.135749,13.04275, 884.2587,7216905,23.973738,107.589592,948670.6,30.411027,18.911038, 6.088171104,28982.143
VCFC_145,VCF24A003,2024-08-26,238,48.24752,16.43900,  0, 0, 0, 0, 0,  0,  20,  0, 0, 0, 0,0, 0,-0.295344583,1.408041e-01,213.87842,62.28895,101356.5, 0.761334775,16.4171295,24.725741,13.73870, 721.7471,7329652,24.888153, 91.393059,949038.9,31.317016,19.157865, 5.189285022,31120.469
VCFC_146,VCF24A084,2024-08-26,238,48.29387,16.29527,  0, 0, 0, 0, 0,  4,   6,  0, 0, 1, 0,0, 0,-0.215695116,2.571507e-02,217.97720,67.49125,101409.2, 1.563422284,16.6313684,23.473998,12.79534, 946.0264,6789198,23.718218,111.664383,931951.7,30.031467,17.696831, 6.055166798,30533.746
VCFC_147,VCF24A141,2024-08-23,235,48.21570,16.38965, 19, 0, 0, 0, 0,  0,   2,  0, 2, 0, 0,0, 0,-0.150878945,1.331760e-01,222.77388,60.09712,101359.0, 0.809951556,16.5418972,25.404430,14.23001, 738.9146,7301966,25.438141,101.304283,938614.4,31.561285,20.255566, 5.796123333,30376.473
VCFC_148,VCF24A054,2024-08-25,237,48.23861,16.38297,381, 0, 0, 0, 0, 14,  44,  0, 1, 0, 0,0, 0,-0.508601787,1.715277e-01,224.19026,62.97024,101335.1, 0.870673935,16.6576010,24.741402,13.93061, 754.6767,7336334,25.118755,107.375252,938249.2,31.799445,19.606821, 6.181542928,31735.207
VCFC_149,VCF24A066_2,2024-08-26,238,47.83265,16.62261, 34,60, 0, 0, 0,116,   3,  0, 0,13, 0,0, 0,-1.769939251,2.687184e-02,211.07814,67.90806,101328.0, 0.997940786,17.6540829,24.432370,13.83089, 691.0748,7455022,25.106512, 47.277012,992350.6,31.982508,19.396547, 0.960127923,33122.781
VCFC_150,VCF24A082,2024-08-19,231,48.30174,15.89634,151, 0, 0, 0, 0, 12,   6,  0, 0, 0, 0,0, 0, 0.498901177,9.978340e-02,231.48900,70.35962,101385.1, 1.415883988,17.4130461,23.655332,13.06452, 851.2673,7057580,24.236414, 54.575966,922621.9,31.241984,18.247062, 2.550520325,30055.809
VCFC_151,VCF24A128,2024-08-26,238,48.20730,16.52647,  8, 0, 0, 0, 0,  0,   0,  0, 0, 0, 0,0, 0,-0.558224909,5.421922e-02,224.67516,63.90070,101403.5, 1.041784283,16.5398393,24.336528,13.30000, 685.3202,7412978,24.381443, 57.845325,972298.9,31.212356,18.371255, 3.005507510,32029.304
VCFC_152,VCF24A004,2024-08-26,238,48.22681,16.16493, 47, 0, 0, 0, 0,  1,  40,  0, 0, 0, 0,0, 0,-0.380339142,5.809917e-02,211.68818,70.90814,101422.7, 1.690552716,16.7378592,22.786176,12.19812,1046.7411,6747730,22.956123, 63.773964,942611.8,29.358826,16.665154, 2.642353720,31060.978
VCFC_153,VCF24A010,2024-08-26,238,48.15257,16.37012, 10, 0, 0, 0, 0,  2,   7,  0, 0, 0, 0,0, 0,-0.940197097,1.033272e-01,211.85021,62.90917,101380.2, 1.726023319,16.4280672,24.434906,13.52043, 729.4509,7325177,24.686167, 76.729500,955315.1,31.061554,18.893678, 3.983529409,31381.199
VCFC_154,VCF24A010,2024-08-26,238,48.15257,16.37012,  0, 0, 0, 0, 0,  0,   0,  0, 0, 0, 0,0, 0,-0.940197097,1.033272e-01,211.85021,62.90917,101380.2, 1.726023319,16.4280672,24.434906,13.52043, 729.4509,7325177,24.686167, 76.729500,955315.1,31.061554,18.893678, 3.983529409,31381.199
VCFC_155,VCF24A154,2024-08-26,238,48.17964,16.33456, 35, 0, 0, 0, 0,  0,   8,  0, 7, 0, 0,0, 0,-0.526398096,7.212768e-02,211.14429,63.02806,101390.7, 1.518073248,16.4992600,24.506490,13.84572, 782.7036,7284060,24.991953, 87.292732,950242.7,31.148090,19.368293, 4.685693098,30911.148
VCFC_156,VCF24A128,2024-08-27,239,48.20730,16.52647,  0, 0, 0, 0, 0,  0,   1,  0, 0, 0, 0,0, 0,-0.477510548,3.999868e-02,222.57828,64.05584,101451.4, 0.992258123,16.4341728,24.191528,13.30000, 685.3202,7412978,24.381443, 57.845325,972298.9,30.912342,18.350827, 2.625507523,31484.320
VCFC_157,VCF24A098,2024-08-27,239,48.15465,16.18490,  7, 0, 0, 0, 0,  0,   0,  0, 0, 0, 0,0, 0,-0.146433308,3.954453e-02,209.95035,69.41375,101476.1, 1.457129824,16.3039099,22.711434,12.28565, 941.2458,6832586,23.003485, 62.695675,944254.9,28.798268,16.815863, 1.586445446,30570.340
VCFC_158,VCF24A107,2024-07-31,212,48.18660,16.37468,  0, 0, 0, 0, 0,  0,   4,  0, 0, 0, 0,0, 0,-1.033131798,2.401226e-02,252.20098,51.62418,101458.7, 1.450476141,13.5284642,24.669893,14.25841, 753.8261,7280986,24.957205, 20.632641,931961.1,30.232440,19.900853, 0.182349704,32588.549
VCFC_159,VCF24A018,2024-08-28,240,48.18784,16.35678,  4, 0, 0, 0, 0, 10,  19,  0, 2, 0, 0,0, 0,-0.447181549,4.223771e-02,212.01885,61.19430,101482.7, 1.472724158,16.3163720,24.822902,14.21836, 771.3408,7280314,25.382994, 95.103127,946578.9,30.806931,19.734837, 4.722365759,30721.135
VCFC_160,VCF24A053,2024-08-28,240,48.10111,16.30012, 59, 0, 0, 0, 0,  7,   3,  0, 2, 0, 0,0, 1,-0.384647970,3.492652e-02,209.33712,64.46662,101462.7, 0.969394977,16.5669734,24.234489,13.20162, 713.0952,7324246,24.395151, 36.467079,979275.5,30.761925,17.899476, 0.965295735,31697.676
VCFC_161,VCF24A141,2024-08-28,240,48.21570,16.38965, 10, 0, 0, 0, 0,  1,  24, 27, 1, 0, 0,0, 0,-0.600979314,1.173490e-01,215.44606,62.14612,101470.2, 1.269371758,16.3299589,24.581358,14.23001, 738.9146,7301966,25.438141,101.304283,938614.4,31.014803,19.706010, 5.379321658,30341.380
VCFC_162,VCF24A149,2024-08-24,236,48.16594,16.32444,  0, 0, 0, 0, 0,  2,   5,  7, 0, 0, 0,0, 0,-0.422449799,8.607599e-02,220.73422,62.36513,101333.1, 1.136987626,16.7213736,24.961270,13.52439, 780.4857,7278145,24.635929, 78.083786,958156.8,31.510458,18.892142, 4.010602065,31745.439
VCFC_163,VCF24A047,2024-08-28,240,48.19438,16.31969,  0, 0, 0, 0, 0,  4,   9,  5, 0, 0, 0,0, 0,-0.431023735,2.669238e-02,213.54684,64.28018,101477.5, 1.632118048,16.4255692,24.130547,13.85226, 807.1347,7261521,24.979330, 90.545128,949393.5,30.587856,19.070479, 4.193826906,30707.571
VCFC_164,VCF24A056,2024-08-30,242,48.20227,16.34719,  0, 0, 0, 0, 0,  0,   1,  2, 0, 0, 0,0, 0,-0.674273843,6.469436e-02,207.68295,62.37714,101515.8, 1.349848888,16.2872746,24.504175,14.36407, 785.9788,7301873,25.537071, 98.975746,943335.4,30.749524,19.935277, 5.009637057,30945.998
VCFC_165,VCF24A054,2024-08-31,243,48.23861,16.38297, 27, 0, 0, 0, 0,220, 102,102, 2, 0, 0,0, 0,-0.809885388,5.778934e-03,217.87932,63.32266,101528.3, 0.827565359,16.1527856,24.146087,13.93061, 754.6767,7336334,25.118755,107.375252,938249.2,30.845865,18.944565, 5.778836417,30875.564
VCFC_166,VCF24A001,2024-09-01,244,48.29099,16.33058,126, 0, 0, 0, 0,  1,  46,  0, 0, 0, 0,0, 0,-0.439028259,1.737457e-03,218.19013,64.74100,101586.2, 0.813483651,16.0043759,23.624895,13.11834, 870.5637,6911278,17.348047,280.750183,638241.5,29.817378,17.545100, 0.223636685,31494.784
VCFC_167,VCF24A125,2024-08-19,231,48.22984,16.35489,  5, 0, 0, 0, 0,  0,   1,  0, 0, 0, 0,0, 0,-0.364955727,1.628985e-01,241.57181,61.83931,101368.8, 0.870897738,16.5732016,24.994771,13.91065, 786.3399,7356790,25.081257,106.765602,935952.5,31.363408,19.723898, 6.768093660,31134.210
VCFC_168,VCF24A149,2024-08-30,242,48.16594,16.32444,  3, 0, 0, 0, 0,  0,   2,  1, 0, 0, 0,0, 0,-0.981050945,3.658738e-02,208.22510,64.43062,101503.0, 1.402638729,16.4017533,24.090243,13.52439, 780.4857,7278145,24.635929, 78.083786,958156.8,30.604950,18.253350, 3.409215504,31216.265
VCFC_169,VCF24A006,2024-09-01,244,48.23286,16.29051,  0, 0, 0, 0, 0,  1,  12,  4, 0, 0, 0,0, 0,-0.787451687,3.228917e-04,214.56864,64.62657,101586.5, 1.271500780,15.8898158,23.506150,12.62921, 913.4418,7043172,16.728317,308.780243,639335.4,29.077105,16.811738, 0.156481725,31994.168
VCFC_170,VCF24A022,2024-09-01,244,48.21183,16.39246, 14, 2, 0, 0, 0,  0,  21,  3, 0, 0, 0,0, 0,-0.799781615,1.869865e-03,212.06369,59.35733,101571.8, 1.024383239,15.6583001,24.700461,14.27861, 738.0645,7297200,18.629606,228.347626,670910.1,30.951354,19.543263, 0.093483714,31713.615
VCFC_171,VCF24A085,2024-09-02,245,48.22368,16.37427,  7, 5, 0, 0, 0,  3,   9,  6, 0, 0, 0,0, 0,-0.635483825,1.465518e-03,214.51368,58.82259,101589.0, 0.535653383,15.4717476,24.734527,14.29391, 754.3499,7362679,18.586267,231.373550,664447.4,31.029080,19.495799, 0.061432262,32805.419
VCFC_173,VCF24A129,2024-09-02,245,48.22174,16.37239, 31, 0, 0, 0, 0, 42,  30, 69, 2, 0, 0,0, 0,-0.626718323,1.359553e-03,214.17703,58.56164,101590.2, 0.539662884,15.4551341,24.788337,14.37381, 755.4401,7364048,18.670694,232.965027,664853.3,31.066626,19.656336, 0.064085052,32856.755
VCFC_174,VCF24A010,2024-09-02,245,48.15257,16.37012,  9, 0, 0, 0, 0,  0,   2,  1, 0, 0, 0,0, 0,-0.731013367,9.836456e-04,210.47883,58.44400,101583.5, 0.634380764,15.4383362,24.759941,13.52043, 729.4509,7325177,17.824461,237.183105,668973.4,30.694034,18.053188, 0.135011754,33167.624
VCFC_175,VCF24A010,2024-09-02,245,48.15257,16.37012,  0, 1, 4, 0, 1,  0,   0,  0, 0, 0,10,0, 0,-0.731013367,9.836456e-04,210.47883,58.44400,101583.5, 0.634380764,15.4383362,24.759941,13.52043, 729.4509,7325177,17.824461,237.183105,668973.4,30.694034,18.053188, 0.135011754,33167.624
VCFC_176,VCF24A014,2024-09-02,245,48.25268,16.33831,  1, 0, 0, 0, 0,  0,   5,  1, 0, 0, 0,0, 0,-0.617565227,1.101398e-03,221.75188,62.14000,101603.0, 0.598665520,15.5860196,23.872760,13.25449, 864.3170,7240516,17.427948,271.314392,653991.3,29.777247,17.719245, 0.072814242,32684.963
VCFC_177,VCF24A001,2024-09-02,245,48.29099,16.33058, 69, 0, 0, 0, 0,  0,  89,  0, 0, 0, 0,0, 0,-0.342298987,1.737457e-03,217.54544,62.70047,101603.0, 0.497085826,15.7339481,23.945131,13.11834, 870.5637,6911278,17.348047,280.750183,638241.5,29.930388,17.433545, 0.065826966,32142.969
VCFC_178,VCF24A143,2024-09-05,248,46.61772,14.04123, 90, 0, 0, 0, 0,  2,  19,  3, 0, 0, 0,0, 0,NA,NA,NA,NA,NA,NA,NA,NA,NA,NA,NA,NA,NA,NA,NA,NA,NA,NA
VCFC_179,VCF24A083,2024-08-05,217,48.19731,16.38548,  1, 0, 0, 0, 0,  1,  17, 11, 0, 0, 0,0, 0,-0.853854143,3.955558e-02,243.89849,55.10538,101385.1, 1.811503006,13.4168085,23.545305,14.29258, 747.7181,7301200,25.480169, 97.532524,940052.4,29.239855,19.529901, 0.972598661,27598.869
VCFC_180,VCF24A127,2024-09-08,251,48.22128,16.32275,  0, 0, 0, 0, 0,  0,  10, 15, 1, 0, 0,0, 0, 0.263538307,5.599495e-02,200.95614,58.02955,101486.1,-0.412910327,14.7664322,24.342173,13.74414, 833.0399,7304926,17.958279,273.866486,654495.0,31.324995,19.052595, 0.524798785,35502.260
VCFC_181,VCF24A149,2024-09-06,249,48.16594,16.32444,  0, 0, 0, 0, 0,  0,   1,  0, 0, 0, 0,0, 0, 0.362859123,1.253731e-03,213.16541,55.22105,101571.1,-0.510443905,14.7914075,25.127395,13.52439, 780.4857,7278145,17.717810,265.066528,659387.6,31.876824,17.776867, 0.127993473,36932.130
VCFC_182,VCF24A010,2024-09-09,252,48.15257,16.37012, 12,16, 8, 0, 2,  0,   0,  0, 0, 1, 3,0, 0, 1.218282281,9.050860e-02,192.40438,56.41464,101409.8,-1.185695481,14.3825509,24.415938,13.52043, 729.4509,7325177,17.824461,237.183105,668973.4,31.294628,18.061400, 1.725560627,33099.532
VCFC_183,VCF24A010,2024-09-09,252,48.15257,16.37012, 15, 0, 0, 0, 0,  0,   2,  6, 3, 0, 0,0, 0, 1.218282281,9.050860e-02,192.40438,56.41464,101409.8,-1.185695481,14.3825509,24.415938,13.52043, 729.4509,7325177,17.824461,237.183105,668973.4,31.294628,18.061400, 1.725560627,33099.532
VCFC_184,VCF24A009,2024-09-07,250,48.43389,16.47867, 54, 0, 0, 0, 0,  2,   5,  0, 0, 0, 0,0, 0, 0.308470200,2.217393e-04,212.51479,56.35796,101583.6,-0.549999044,14.3216798,24.435842,13.09008, 730.5518,7261222,17.482796,253.912628,681939.6,31.537723,18.014759, 0.039421369,37515.922
VCFC_185,VCF24A009,2024-09-07,250,48.43389,16.47867, 49, 9, 0, 0, 0,  2,   4,  0, 0, 0, 0,0, 0, 0.308470200,2.217393e-04,212.51479,56.35796,101583.6,-0.549999044,14.3216798,24.435842,13.09008, 730.5518,7261222,17.482796,253.912628,681939.6,31.537723,18.014759, 0.039421369,37515.922
VCFC_186,VCF24A147,2024-08-29,241,46.64063,13.89183,174,16, 0, 0, 0, 11,  10,  0, 0, 0, 0,0, 0,NA,NA,NA,NA,NA,NA,NA,NA,NA,NA,NA,NA,NA,NA,NA,NA,NA,NA
VCFC_187,VCF24A141,2024-08-11,223,48.21570,16.38965, 10, 0, 0, 0, 0,  0,  17,  2, 0, 0, 0,0, 0,-0.814400935,2.112802e-02,249.58334,55.62919,101447.8, 1.297789990,13.9393871,24.030625,14.23001, 738.9146,7301966,25.438141,101.304283,938614.4,29.834843,19.097419, 0.898568890,29899.205
VCFC_188,VCF24A021,2024-08-11,223,48.20772,16.22954,  9, 3, 0, 1, 0,  1,   5,  0, 0, 0, 0,0, 0,-0.279099415,5.052228e-02,239.62107,66.14888,101468.9, 1.046559694,14.6676716,22.176348,12.63577, 933.5536,6964544,23.552259, 76.110916,961611.6,29.616008,15.365675, 1.255333928,30393.524
VCFC_189,VCF24A014,2024-09-11,254,48.25268,16.33831,  2, 0, 0, 0, 0,  0,  39,  8, 0, 0, 0,0, 0, 0.189117535,9.001815e-02,193.83497,61.25554,101305.2, 0.266935418,13.7555651,22.418682,13.25449, 864.3170,7240516,17.427948,271.314392,653991.3,29.985652,17.527935, 1.845965862,32298.353
VCFC_192,VCF24A149,2024-09-13,256,48.16594,16.32444,  0, 0, 0, 0, 0,  1,   2,  2, 0, 0, 0,0, 0, 0.172169069,2.939866e-01,156.63951,62.91555,101204.9, 1.198818551,12.1466440,20.474907,13.52439, 780.4857,7278145,17.717810,265.066528,659387.6,28.131126,16.052983, 6.320828994,27454.773
VCFC_193,VCF24A141,2024-09-11,254,48.21570,16.38965, 17,10, 0, 0, 0,  1,   2,  0, 0, 0, 0,0, 0, 0.423470631,1.092239e-01,186.12823,56.89678,101293.2,-0.007510132,13.5480107,23.526934,14.23001, 738.9146,7301966,18.588263,227.330383,669528.6,31.039079,19.247672, 1.762571214,32963.979
VCFC_194,VCF24A143,2024-09-13,256,46.61772,14.04123,  2, 0, 0, 0, 0,  0,  49,  0, 0, 0, 0,0, 0,NA,NA,NA,NA,NA,NA,NA,NA,NA,NA,NA,NA,NA,NA,NA,NA,NA,NA
VCFC_195,VCF24A129,2024-09-13,256,48.22174,16.37239,  5, 0, 0, 0, 0,  4,  25, 33, 0, 0, 0,0, 0,-0.027173988,3.415327e-01,159.48402,61.73329,101204.1, 1.209119254,12.2227884,20.912108,14.37381, 755.4401,7364048,18.670694,232.965027,664853.3,28.586139,17.912976, 5.688575443,27436.935
VCFC_196,VCF24A025,2024-09-16,259,48.25581,16.41991,693, 0, 0, 0, 0,  0,   3,  0, 0, 0, 0,0, 0, 0.015630292,6.582518e-01,127.31264,68.66960,101181.2, 1.372792323,11.0723248,18.028125,13.79937, 738.8368,7332009,18.149418,227.822754,668716.9,23.878919,14.491346,14.389724116,19924.504
VCFC_197,VCF24A010,2024-09-16,259,48.15257,16.37012,  0, 6, 0, 0, 0,  0,   0,  0, 0, 0, 0,0, 0,-0.127632745,4.873085e-01,132.28953,68.10451,101207.0, 3.128489534,10.7899646,17.745507,13.52043, 729.4509,7325177,17.824461,237.183105,668973.4,23.737072,14.052435,15.050330154,20036.527
VCFC_198,VCF24A010,2024-09-16,259,48.15257,16.37012,  3, 0, 0, 0, 0,  0,   5,  1, 0, 0, 0,0, 0,-0.127632745,4.873085e-01,132.28953,68.10451,101207.0, 3.128489534,10.7899646,17.745507,13.52043, 729.4509,7325177,17.824461,237.183105,668973.4,23.737072,14.052435,15.050330154,20036.527
VCFC_199,VCF24A146,2024-09-16,259,48.20210,16.34320,  5, 0, 0, 0, 0,  8,  35,  4, 1, 0, 0,0, 0,-0.031346079,4.554686e-01,131.42753,68.36386,101221.7, 2.717014472,10.9363654,17.938404,14.29870, 789.3160,7294960,18.613796,258.738403,660573.8,23.808894,15.416253,16.349066997,19675.316
VCFC_200,VCF24A142,2024-09-17,260,48.25192,16.32059,  0, 1, 0, 0, 0,  0,  15,  0, 0, 0, 0,0, 0,-0.321534665,6.273401e-01,133.65918,74.50311,101278.0, 3.624879722,10.9916939,16.405377,12.87590, 898.6568,7187462,17.030109,286.912598,649804.2,21.708017,12.730782,18.118564360,18850.325
VCFC_201,VCF24A014,2024-09-17,260,48.25268,16.33831,  0, 0, 0, 0, 0,  0,  11,  9, 0, 0, 0,0, 0,-0.350110579,6.313599e-01,134.86502,73.38961,101269.9, 2.928611203,11.0368706,16.664115,13.25449, 864.3170,7240516,17.427948,271.314392,653991.3,22.104072,13.165935,17.114880361,18929.725
VCFC_202,VCF24A005,2024-09-19,262,48.20219,16.29594,  5, 0, 0, 0, 0,  0,  12, 14, 0, 0, 0,0, 0,-0.626368435,5.542300e-01,125.20650,77.03565,101408.7, 3.038622383,10.8475674,15.472402,13.20311, 845.4929,7228574,17.310307,290.442780,650493.5,20.950755,12.241101,19.000563343,18001.936
VCFC_203,VCF24A025,2024-09-19,262,48.25581,16.41991,275, 0, 0, 0, 0,  0,   0,  0, 0, 0, 0,0, 0,-0.281823239,7.022982e-01,123.63226,73.81634,101361.0, 1.557111976,11.0649243,16.414133,13.79937, 738.8368,7332009,18.149418,227.822754,668716.9,21.634567,13.266072,14.866768094,18455.707
VCFC_204,VCF24A001,2024-09-22,265,48.29099,16.33058, 22, 0, 0, 0, 0,  0,  55,  0, 0, 0, 0,0, 0,-0.682396545,7.364648e-01,127.67357,80.46842,101510.4, 2.290230266,10.4318478,14.160180,13.11834, 870.5637,6911278,17.348047,280.750183,638241.5,19.571789,10.953002,18.351911305,18579.682
VCFC_205,VCF24A010,2024-09-23,266,48.15257,16.37012,  4, 0, 0, 0, 0,  0,   1,  0, 0, 0, 0,0, 0,-1.741276536,4.126718e-01,129.16224,75.69930,101519.7, 4.173451765, 9.9377007,14.607898,13.52043, 729.4509,7325177,17.824461,237.183105,668973.4,19.706400,10.918884,15.078554667,19663.524
VCFC_206,VCF24A010,2024-09-23,266,48.15257,16.37012,  0,14, 0, 0, 0,  0,   0,  0, 0, 2, 1,0, 0,-1.741276536,4.126718e-01,129.16224,75.69930,101519.7, 4.173451765, 9.9377007,14.607898,13.52043, 729.4509,7325177,17.824461,237.183105,668973.4,19.706400,10.918884,15.078554667,19663.524
VCFC_207,VCF24A054,2024-09-22,265,48.23861,16.38297,  2, 0, 0, 0, 0,  0,  19, 69, 0, 0, 0,0, 0,-1.014148778,6.185820e-01,128.63634,76.91560,101488.0, 2.500745523,10.3212792,14.797074,13.93061, 754.6767,7336334,18.241186,227.674088,663011.4,20.351636,11.834929,14.869858051,19308.014
VCFC_208,VCF24A019,2024-09-20,263,48.20722,16.37597,  0, 0, 0, 0, 0,  0,   1,  0, 0, 0, 0,0, 0,-0.684433855,5.447717e-01,129.61104,73.65999,101467.0, 2.801776501,10.9083917,16.164596,14.58838, 756.9610,7310318,18.912287,239.077026,669274.1,21.204882,13.665012,15.608800791,18345.546
VCFC_209,VCF24A147,2024-09-16,259,46.64063,13.89183,250,16, 0, 0, 0,  6,   8,  0, 0, 1, 0,0, 0,NA,NA,NA,NA,NA,NA,NA,NA,NA,NA,NA,NA,NA,NA,NA,NA,NA,NA
VCFC_210,VCF24A005,2024-09-27,270,48.20219,16.29594,  0, 0, 0, 0, 0,  0,  14,  5, 0, 0, 0,0, 0,-0.206705284,3.644966e-01,123.76129,78.07145,101529.3, 2.040316459,10.4663018,14.654989,13.20311, 845.4929,7228574,17.310307,290.442780,650493.5,18.866246,10.449527,15.900106172,17289.503
VCFC_211,VCF24A128,2024-09-26,269,48.20730,16.52647,  1, 1, 0, 0, 0,  1,   0,  1, 0, 0, 0,0, 0,-0.076168056,4.376518e-01,120.24609,77.95973,101486.8, 1.456088574,10.6170569,14.845353,13.30000, 685.3202,7412978,17.799999,227.736923,691600.3,19.352286,10.427507,12.939532424,18577.502
VCFC_212,VCF24A014,2024-09-25,268,48.25268,16.33831,  4, 0, 0, 0, 0,  1,   5,  2, 0, 0, 0,0, 0,-0.514680080,6.065486e-01,122.48686,79.47032,101504.4, 2.629898485,10.0790174,13.962052,13.25449, 864.3170,7240516,17.427948,271.314392,653991.3,18.655397,10.291501,16.438227640,18991.459
VCFC_213,,2024-09-25,268,48.19421,16.35675,  0, 0, 0, 0, 0,  0,   2,  1, 0, 0, 0,0, 0,-0.275320766,4.063170e-01,117.96239,74.36275,101509.3, 2.383120738,10.1373234,15.114065,14.43660, 776.5078,7284528,18.736013,253.394608,665894.7,19.552458,11.802132,15.196699670,19173.488
VCFC_214,VCF24A149,2024-09-23,266,48.16594,16.32444,  0, 0, 0, 0, 0,  0,   1,  2, 0, 0, 0,0, 0,-1.418959298,4.323740e-01,128.57773,76.53054,101528.0, 3.327564762, 9.9614807,14.466998,13.52439, 780.4857,7278145,17.717810,265.066528,659387.6,19.625538,10.787442,16.908675598,19385.194
VCFC_215,VCF24A133,2024-09-28,271,48.24505,16.37221,  7, 0, 0, 0, 0,  0,   2,  0, 0, 0, 0,0, 0,-0.470715527,2.659492e-01,133.75048,74.65776,101619.4, 1.016879448,10.4660347,15.359369,13.85212, 777.1276,7352119,18.062683,234.545334,660304.4,19.962094,11.544330, 9.892282894,18169.642
VCFC_216,VCF24A022,2024-09-29,272,48.21183,16.39246,  0, 0, 0, 0, 0,  1,  16,  5, 0, 0, 0,0, 0,-0.148464564,8.434138e-02,137.89676,70.73074,101684.3, 0.592406655,10.0984457,15.841093,14.27861, 738.0645,7297200,18.629606,228.347626,670910.1,20.523682,12.416766, 3.200159367,20091.093
VCFC_217,VCF24A010,2024-09-30,273,48.15257,16.37012,  0, 4, 2, 0, 0,  0,   0,  0, 0, 0, 0,0, 0,-0.023059720,2.816896e-02,148.49101,70.91054,101695.9,-0.008253433, 9.9190152,15.551115,13.52043, 729.4509,7325177,17.824461,237.183105,668973.4,20.521600,11.100384, 1.721807646,21970.996
VCFC_218,VCF24A010,2024-09-30,273,48.15257,16.37012,  5, 5, 0, 0, 0,  0,   3,  0, 0, 0, 0,0, 0,-0.023059720,2.816896e-02,148.49101,70.91054,101695.9,-0.008253433, 9.9190152,15.551115,13.52043, 729.4509,7325177,17.824461,237.183105,668973.4,20.521600,11.100384, 1.721807646,21970.996
VCFC_219,VCF24A019,2024-09-30,273,48.20722,16.37597,  4, 0, 0, 0, 0,  0,   0,  0, 0, 0, 0,0, 0, 0.166739528,3.763470e-02,145.62431,68.17589,101700.9, 0.133034601, 9.9198426,16.187526,14.58838, 756.9610,7310318,18.912287,239.077026,669274.1,21.009978,12.698017, 1.826968845,22106.720
VCFC_220,VCF24A149,2024-10-01,274,48.16594,16.32444,  0, 0, 0, 0, 0,  0,   0,  5, 0, 0, 0,0, 0, 0.311743726,3.378465e-02,138.89313,72.07698,101610.0, 0.059622091, 9.8008013,15.188399,13.52439, 780.4857,7278145,12.681050, 43.138515,430111.7,20.936895,10.780174, 0.870791359,22182.951
VCFC_221,VCF24A003,2024-09-05,248,48.24752,16.43900,  0, 0, 0, 0, 0,  0,   3,  0, 0, 0, 0,0, 0,-0.192848499,6.407372e-03,215.38488,55.28236,101547.2,-0.070968309,14.6503656,25.226973,13.73870, 721.7471,7329652,18.098564,225.966751,672689.6,32.023615,18.182736, 0.013333334,36950.635
VCFC_222,VCF24A004,2024-09-29,272,48.22681,16.16493, 11, 0, 0, 0, 0,  0,  11,  3, 0, 0, 0,0, 0, 0.526909022,1.322037e-01,138.42949,77.91199,101710.1, 0.431009585,10.0553663,14.182734,12.19812,1046.7411,6747730,16.231016,427.401672,637133.0,19.000810, 9.819322, 7.265321170,19043.406
VCFC_223,VCF24A014,2024-10-02,275,48.25268,16.33831,  6, 0, 0, 0, 0,  0,  14,  1, 0, 0, 0,0, 0, 0.110651318,4.712375e-02,130.04552,73.76516,101536.4, 0.434353530, 9.5257000,14.448785,13.25449, 864.3170,7240516,12.435042, 46.237694,429137.1,20.255122,10.761813, 1.259231567,20801.745
VCFC_224,VCF24A129,2024-10-02,275,48.22174,16.37239,  8, 0, 0, 0, 0,  1,  18, 14, 2, 0, 0,0, 0, 0.119212779,5.922760e-02,128.55002,70.93936,101533.9, 0.264685091, 9.5791797,15.183049,14.37381, 755.4401,7364048,13.373890, 40.764618,450267.6,21.133334,12.205101, 1.115811507,21131.556
VCFC_225,VCF24A001,2024-10-04,277,48.29099,16.33058, 71, 3, 0, 0, 0,  0,  21,  0, 0, 0, 0,0, 0,-0.060841897,1.007071e-01,110.02026,77.43646,101418.4, 0.575310749, 9.3174263,13.482120,13.11834, 870.5637,6911278,12.332876, 48.689484,389905.8,18.758250,10.108349, 2.187318693,16006.438
VCFC_226,VCF24A055,2024-10-06,279,48.26137,16.38409, 33, 0, 1, 0, 0,  4,   3,  5, 1, 0, 0,0, 0,-0.402687503,7.944441e-02,100.62155,77.55119,101302.1, 0.692723407, 9.1443242,13.250780,13.79656, 777.5774,7344424,12.796611, 42.831142,428786.8,18.300796,10.607383, 1.955494884,12999.730
VCFC_227,VCF24A054,2024-10-06,279,48.23861,16.38297, 28, 0, 0, 0, 0,  5,  24, 49, 0, 0, 0,0, 0,-0.462557116,8.059976e-02,100.05044,76.71048,101301.9, 0.876655129, 9.0858256,13.358445,13.93061, 754.6767,7336334,12.930607, 41.096653,441680.5,18.393379,10.797299, 1.876038531,12890.101
VCFC_228,VCF24A131,2024-10-04,277,48.21012,16.41283,  0, 0, 0, 0, 0,  2,   4, 10, 0, 0, 0,0, 0,-0.088035119,8.125746e-02,109.34865,73.13636,101408.8, 0.759668552, 9.1728744,14.301505,13.79105, 723.9430,7279606,12.791050, 39.671272,421796.9,19.432568,10.809114, 1.827799105,16844.663
VCFC_229,VCF24A160,2024-10-07,280,48.34270,16.40195, 19, 0, 0, 0, 0,  0,   3,  0, 0, 0, 0,0, 0, 0.092045148,8.845540e-02, 96.12004,81.86411,101282.9, 0.331954752, 9.1153505,12.355135,13.05845, 775.9929,7236271,12.295900, 43.718227,427516.9,17.174310, 9.499391, 2.006893971,12527.483
VCFC_230,VCF24A067,2024-10-08,281,48.29614,16.56400,  0, 0, 0, 0, 0,  0,  16,  7, 0, 0, 0,0, 0, 0.008964562,8.264698e-02,101.12790,79.88799,101222.2, 0.318187164, 9.2778270,12.946163,13.39325, 666.0167,7501088,12.402946, 37.350151,435915.9,17.619162, 9.831101, 2.142218326,11312.457
VCFC_231,VCF24A009,2024-10-09,282,48.43389,16.47867, 40, 8, 0, 0, 0,  1,  21,  0, 0, 0, 0,0, 0,-0.057542484,1.157801e-01, 92.62059,82.99339,101163.9, 0.156673706, 9.1911452,12.226625,13.09008, 730.5518,7261222,12.168897, 42.675167,422359.1,17.063576, 9.577752, 2.196988580,11458.016
VCFC_232,VCF24A009,2024-10-09,282,48.43389,16.47867, 23, 8, 0, 0, 0,  0,  16,  0, 0, 0, 0,0, 0,-0.057542484,1.157801e-01, 92.62059,82.99339,101163.9, 0.156673706, 9.1911452,12.226625,13.09008, 730.5518,7261222,12.168897, 42.675167,422359.1,17.063576, 9.577752, 2.196988580,11458.016
VCFC_233,VCF24A159,2024-10-11,284,48.23098,16.46349,  6, 0, 0, 0, 0,  0,   0,  0, 0, 0, 0,0, 0,-0.352441862,8.884625e-02,102.21272,78.27448,101271.6, 0.862262270, 8.4684695,12.384926,13.59503, 703.1818,7349936,12.595325, 38.982063,427939.1,17.114196, 9.913403, 2.545622221,10974.426
VCFC_234,VCF24A157,2024-10-10,283,48.17803,16.27124,  0, 0, 0, 0, 0,  0,   3, 14, 0, 0, 0,0, 0,-0.465784448,1.008214e-01, 97.53676,82.41249,101221.8, 1.201913574, 8.8719053,11.967042,13.00343, 845.9518,7156368,12.347727, 47.113598,409209.8,17.128249, 8.937857, 3.049993264,10313.784
VCFC_235,VCF24M010,2024-10-12,285,48.26103,16.33822,  2,10, 0, 0, 0,  1,   0,  0, 0, 0, 0,0, 0,-0.430334958,1.067130e-01, 96.13782,82.73869,101287.5, 1.395598820, 8.2755435,11.280110,12.89601, 880.5118,7090856,12.184943, 47.365177,415680.0,15.852511, 8.567422, 2.842118733,12074.538
VCFC_236,VCF24M010,2024-10-12,285,48.26103,16.33822, 86,18, 0, 0, 0,  0,   0,  0, 0, 0, 0,0, 0,-0.430334958,1.067130e-01, 96.13782,82.73869,101287.5, 1.395598820, 8.2755435,11.280110,12.89601, 880.5118,7090856,12.184943, 47.365177,415680.0,15.852511, 8.567422, 2.842118733,12074.538
VCFC_237,VCF24M011,2024-10-12,285,48.25405,16.31076, 69,30, 0, 0, 0,  0,   0,  0, 0, 0, 0,4, 0,-0.353129588,1.084340e-01, 96.15477,84.32380,101294.0, 1.828167366, 8.3615239,11.073333,12.61957, 919.7615,7094968,12.010236, 48.555794,410744.5,15.675515, 8.269313, 2.921082545,11883.212
VCFC_238,VCF24A163,2024-10-13,286,48.29387,16.32459,  6, 0, 0, 0, 0,  0,   6,  0, 0, 0, 0,0, 0,-0.047853024,1.384580e-01, 91.89382,84.33016,101247.9, 0.862944675, 8.6486788,11.359138,13.33085, 883.4036,6968676,12.491674, 49.493057,389096.1,16.290782, 8.555502, 3.003862085,11422.189
VCFC_239,VCF24A084,2024-10-13,286,48.29387,16.29527,121, 4, 0, 0, 0,  1,   6,  1, 0, 0, 0,0, 0, 0.191931582,1.487361e-01, 92.88442,85.80921,101250.0, 1.134884434, 8.5657833,11.003117,12.79534, 946.0264,6789198,12.151192, 52.623383,374571.2,15.936762, 8.041031, 3.186241160,11274.880
VCFC_240,VCF24A004,2024-10-13,286,48.22681,16.16493,  8, 0, 0, 0, 0,  0,   1,  0, 0, 0, 0,0, 0, 0.242011358,1.440017e-01, 96.36679,87.47282,101261.1, 0.996129566, 8.5759698,10.717199,12.19812,1046.7411,6747730,11.796357, 56.254288,393526.1,15.587611, 7.288806, 3.416892483,11391.632
VCFC_241,VCF24A019,2024-10-12,285,48.20722,16.37597,  0, 0, 0, 0, 0,  0,   1,  0, 1, 0, 0,0, 0,-0.496594246,8.701284e-02, 98.91130,77.06915,101287.8, 1.232561831, 8.5165089,12.634919,14.58838, 756.9610,7310318,13.561987, 41.029442,439497.5,16.960221,10.430116, 2.462242434,12542.223
VCFC_242,VCF24A091,2024-10-13,286,48.18725,16.34937,  0, 0, 0, 0, 0,  0,  26,  5, 0, 0, 0,0, 0,-0.082312461,7.904085e-02, 98.88266,78.33311,101245.8, 1.049738905, 8.6354613,12.487644,14.11074, 776.5085,7285809,13.176843, 42.195194,444338.0,16.730993, 9.535300, 2.572900153,12097.921
VCFC_243,VCF24A142,2024-10-13,286,48.25192,16.32059,  2, 0, 0, 0, 0,  0,  10,  1, 0, 0, 0,0, 0,-0.200812302,1.064364e-01, 95.26177,83.79008,101246.5, 1.467262826, 8.4857102,11.286114,12.87590, 898.6568,7187462,12.175533, 47.558205,420245.7,15.834969, 8.195746, 2.901699754,11700.431
VCFC_244,VCF24A149,2024-10-13,286,48.16594,16.32444,  0, 0, 0, 0, 0,  0,   2,  1, 0, 0, 0,0, 0,-0.201624816,9.308042e-02, 99.79085,80.64818,101245.7, 1.041389206, 8.5244162,11.929889,13.52439, 780.4857,7278145,12.681050, 43.138515,430111.7,16.551435, 8.651849, 2.635491489,12030.608
VCFC_245,VCF24A006,2024-10-11,284,48.23286,16.29051,  0, 0, 0, 0, 0,  0,   0,  1, 0, 0, 0,0, 0,-0.830531820,1.024045e-01, 99.38431,84.46242,101301.9, 1.588044852, 8.4189251,11.122725,12.62921, 913.4418,7043172,12.060353, 48.197834,421025.2,16.100211, 8.814410, 3.074242452,10172.063
VCFC_246,VCF24A080,2024-10-15,288,48.22254,16.32882,  7, 0, 0, 0, 0,  1,   2, 16, 0, 0, 0,0, 0,-0.266182176,8.895116e-02, 96.27235,81.91276,101324.1, 1.018603713, 8.6715252,11.820084,13.79721, 823.1294,7313541,12.896675, 43.247852,449256.7,16.443305, 9.401514, 2.748832876,11157.113
VCFC_247,VCF24A030,2024-10-15,288,48.18828,16.30546,  1, 0, 0, 0, 0,  0,   5,  2, 0, 0, 0,0, 0,-0.152055648,9.516509e-02, 95.89380,81.71611,101327.4, 0.951008220, 8.6986816,11.892721,13.46038, 811.0170,7228854,12.675607, 43.790680,422848.6,16.448267, 8.841557, 2.800457611,10727.885
VCFC_248,VCF24A128,2024-10-15,288,48.20730,16.52647,  6, 0, 0, 0, 0,  0,   0,  0, 0, 0, 0,0, 0,-0.097069254,8.654970e-02, 94.19854,80.04861,101335.4, 0.598785598, 8.6425748,12.147468,13.30000, 685.3202,7412978,12.388921, 37.467701,435887.0,16.518742, 8.754052, 2.405871057,11600.024
VCFC_249,VCF24A066,2024-10-15,288,48.20153,16.39083,  5,15, 0, 0, 0,  0,   1,  0, 0, 0, 0,0, 0,-0.100772078,9.140958e-02, 94.96721,77.95747,101321.1, 0.885681603, 8.6152762,12.519892,14.29507, 741.4910,7299603,13.298579, 40.610500,430920.2,16.760936, 9.983744, 2.564410111,11079.188
VCFC_250,VCF24A162,2024-10-16,289,48.19354,16.36931,  3, 0, 0, 0, 0,  3,  14,  0, 0, 0, 0,0, 0, 0.261518632,7.132038e-02, 97.71175,76.84892,101424.1, 0.544035314, 8.5701981,12.675490,14.50556, 763.8929,7268427,13.509159, 41.692444,438102.4,16.488086,10.330128, 2.618217131,12068.864
VCFC_251,VCF24A010,2024-10-15,288,48.15257,16.37012, 16, 0, 0, 0, 0,  0,   0,  0, 0, 0, 0,0, 0, 0.110825043,9.888024e-02, 96.42918,79.43809,101317.0, 0.830300097, 8.5080317,12.117951,13.52043, 729.4509,7325177,12.649064, 41.069111,423745.8,16.482766, 8.872290, 2.614790893,11155.933
VCFC_252,VCF24A082,2024-10-14,287,48.30174,15.89634,296, 0, 0, 0, 0,  1,   2,  0, 0, 0, 0,0, 0, 0.097236545,1.268028e-01, 90.32333,85.55626,101268.1, 1.242567166, 8.6980696,11.164116,13.06452, 851.2673,7057580,12.464524, 44.339054,440359.6,16.424908, 7.844882, 2.722581923,11858.769
VCFC_253,VCF24A128,2024-10-21,294,48.20730,16.52647,  7, 0, 0, 0, 0,  0,   0,  0, 0, 0, 0,0, 0, 1.265158958,3.167642e-02,104.66879,74.21599,101884.4,-0.997187549, 7.6615476,12.314594,13.30000, 685.3202,7412978,12.388921, 37.467701,435887.0,16.928809, 8.325670, 0.945365431,18732.417
VCFC_254,VCF24A005,2024-10-22,295,48.20219,16.29594,  0, 0, 0, 0, 0,  0,   4, 16, 0, 0, 0,0, 0, 1.011212054,4.193382e-02,103.38437,79.35441,102043.1,-0.514438504, 7.8690847,11.509324,13.20311, 845.4929,7228574,12.471852, 45.045708,434484.7,16.756864, 8.505219, 1.260737438,18136.213
VCFC_255,VCF24A084,2024-10-17,290,48.29387,16.29527,108, 4, 0, 0, 0,  0,   6,  0, 0, 0, 0,0, 0, 0.796758657,1.375218e-01,101.10431,84.35965,101475.5, 0.412881084, 8.3948326,11.085240,12.79534, 946.0264,6789198,12.151192, 52.623383,374571.2,15.772477, 8.240484, 3.003286690,11440.573
VCFC_256,VCF24A157,2024-10-22,295,48.17803,16.27124,  0, 0, 0, 0, 0,  0,   0, 24, 0, 0, 0,0, 0, 0.947263382,4.570676e-02,104.44064,79.54231,102041.5,-0.610205166, 7.8850438,11.490546,13.00343, 845.9518,7156368,12.347727, 47.113598,409209.8,16.790211, 8.189562, 1.346254353,17191.638
VCFC_257,VCF24A010,2024-10-22,295,48.15257,16.37012,  0, 1, 2, 0, 0,  0,   0,  0, 0, 0, 0,0, 0, 2.761319841,4.729476e-02,100.11855,75.74591,102036.4,-1.818570618, 7.6793575,11.998831,13.52043, 729.4509,7325177,12.649064, 41.069111,423745.8,16.837346, 8.823939, 1.175794886,18018.025
VCFC_258,VCF24A010,2024-10-22,295,48.15257,16.37012, 22, 0, 0, 0, 0,  0,   1,  0, 0, 0, 0,0, 0, 2.761319841,4.729476e-02,100.11855,75.74591,102036.4,-1.818570618, 7.6793575,11.998831,13.52043, 729.4509,7325177,12.649064, 41.069111,423745.8,16.837346, 8.823939, 1.175794886,18018.025
VCFC_259,VCF24A155,2024-10-22,295,48.28229,15.71151,220, 0, 0, 0, 0,  3,   6,  1, 0, 0, 0,0, 0,-0.022151143,3.590230e-02,106.17662,79.69207,101978.1,-0.221869930, 7.9947460,11.602213,12.86351, 851.1228,6877690,12.270655, 40.860508,453077.2,17.303852, 7.975379, 1.245260028,20584.103
VCFC_260,VCF24A014,2024-10-23,296,48.25268,16.33831,  3, 0, 0, 0, 0,  0,   1,  0, 0, 0, 0,0, 0, 1.025415225,3.664851e-02,100.28331,77.67007,102229.9,-0.312746576, 7.3864598,11.332406,13.25449, 864.3170,7240516,12.435042, 46.237694,429137.1,15.895028, 8.600557, 0.995993599,16984.651
VCFC_261,VCF24A149,2024-10-26,299,48.16594,16.32444,  7, 0, 0, 0, 0,  0,   2,  0, 0, 0, 0,0, 0, 2.635252470,8.793443e-03, 90.71677,78.58703,102463.1,-2.189660353, 8.0328956,11.825400,13.52439, 780.4857,7278145,12.681050, 43.138515,430111.7,15.557135, 8.470398, 0.266857428,16480.988
VCFC_262,VCF24A005,2024-10-28,301,48.20219,16.29594,  0, 0, 0, 0, 0,  0,   5, 22, 0, 0, 0,0, 0, 1.344858366,2.809992e-03, 90.06745,81.61886,102585.1,-1.500623201, 8.5990382,11.828470,13.20311, 845.4929,7228574,12.471852, 45.045708,434484.7,15.552016, 8.827627, 0.242308975,16344.073
VCFC_263,VCF24A035,2024-10-27,300,48.15649,16.28339, 59, 0, 0, 0, 0,  0,   4,  0, 0, 0, 0,0, 0, 1.460519943,1.122995e-02, 91.80824,80.35732,102544.2,-1.535778479, 8.3031690,11.760241,13.02802, 799.6995,7245432,12.326941, 45.009968,407426.1,15.494685, 8.253310, 0.278879318,13504.607
VCFC_264,VCF24A035,2024-10-27,300,48.15649,16.28339,  6,10, 6, 0, 0,  0,   0,  0, 1, 0, 0,0, 0, 1.460519943,1.122995e-02, 91.80824,80.35732,102544.2,-1.535778479, 8.3031690,11.760241,13.02802, 799.6995,7245432,12.326941, 45.009968,407426.1,15.494685, 8.253310, 0.278879318,13504.607
VCFC_265,VCF24A010,2024-10-30,303,48.15257,16.37012, 30, 2, 0, 0, 0,  0,   0,  2, 0, 0, 0,0, 0, 2.794878502,5.261617e-03, 84.07374,80.16466,102612.9,-2.509322231, 9.0067982,12.493788,13.52043, 729.4509,7325177,12.649064, 41.069111,423745.8,16.100024, 9.070115, 0.123129390,16494.793
VCFC_266,VCF24A161,2024-10-29,302,48.20174,16.38917, 17, 0, 0, 0, 0,  0,   0,  0, 0, 0, 0,0, 0, 2.256261060,3.101356e-03, 89.71775,77.08358,102603.6,-2.110110544, 8.7386747,12.821507,14.30976, 743.3611,7299568,13.313463, 40.702702,431000.7,15.865646,10.147559, 0.143213517,16311.973
VCFC_267,VCF24A028,2024-10-30,303,48.08389,16.28351, 25, 0, 0, 0, 0,  0,   0,  0, 0, 0, 0,0, 0, 0.737671658,4.710158e-03, 87.88245,82.57650,102634.9,-0.322831023, 9.2089933,12.255699,12.95880, 737.7234,7203055,12.174957, 45.555286,392792.0,16.244453, 8.214794, 0.129890612,15105.739
VCFC_268,VCF24A060,2024-10-30,303,48.21634,16.35738, 21, 0, 0, 0, 0,  0,   3,  0, 0, 0, 0,0, 0, 1.429212307,3.901512e-03, 83.94973,78.81268,102616.5,-1.137568733, 9.0493406,12.813462,14.30324, 775.5921,7330120,13.308948, 41.355160,451437.4,16.170051,10.272247, 0.145340644,18288.879
VCFC_269,VCF24A014,2024-10-31,304,48.25268,16.33831, 26, 0, 0, 0, 0,  0,   2,  0, 0, 0, 0,0, 0, 0.768390203,4.820054e-03, 86.70722,83.07316,102618.6,-0.498751504, 9.0021586,11.964959,13.25449, 864.3170,7240516,12.435042, 46.237694,429137.1,15.885052, 9.269518, 0.159039617,15621.360
VCFC_270,VCF24A019,2024-11-02,306,48.20722,16.37597,  0, 0, 0, 0, 0,  0,   3,  0, 0, 0, 0,0, 0, 0.792043295,3.138877e-03, 83.36793,80.45321,102688.3,-0.514494569, 9.6557752,13.090575,14.58838, 756.9610,7310318, 6.318956,  9.071515,335986.6,16.513434,10.642115, 0.146468549,16356.527
VCFC_271,VCF24A147,2024-10-10,283,46.64063,13.89183,213, 5, 0, 0, 0,  0,   5,  0, 0, 0, 0,0, 0,NA,NA,NA,NA,NA,NA,NA,NA,NA,NA,NA,NA,NA,NA,NA,NA,NA,NA
VCFC_272,CoordVorhanden,2024-11-04,308,48.47132,15.98141,110, 0, 0, 0, 0,  5,   9,  3, 1, 0, 0,0, 1, 0.016357221,7.810685e-03, 78.75374,87.44116,102740.0,-0.426834077, 8.1553129,10.259018,12.89898, 782.9399,7102478, 4.769059,  7.708146,280109.5,15.274122, 6.890940, 0.240980287,15415.019
VCFC_273,VCF24A162,2024-11-05,309,48.19354,16.36931, 32, 0, 0, 0, 0,  0,   3,  2, 1, 0, 0,0, 0, 0.402472478,3.156041e-03, 79.73477,80.07332,102732.4,-0.195237217, 8.7281092,12.184910,14.50556, 763.8929,7268427, 6.288519,  9.295302,333180.5,15.451563, 9.478664, 0.141137645,16399.914
VCFC_274,VCF24A133,2024-11-06,310,48.24505,16.37221, 33, 0, 0, 0, 0,  1,   0,  3, 0, 0, 0,0, 0, 0.211699530,6.072533e-04, 80.48724,83.27938,102725.0,-0.275777938, 7.8024997,10.691617,13.85212, 777.1276,7352119, 5.590164,  9.903841,325459.4,14.977758, 7.656892, 0.070264326,16142.570
VCFC_275,VCF24A010,2024-10-05,278,48.15257,16.37012, 11, 0, 0, 0, 0,  0,   0,  0, 0, 0, 0,0, 0,-0.463330384,7.670666e-02,108.35733,74.93569,101342.9, 1.067132501, 9.0085645,13.672285,13.52043, 729.4509,7325177,12.649064, 41.069111,423745.8,18.646500,10.285717, 1.869101981,14604.578
VCFC_276,VCF24A010,2024-10-05,278,48.15257,16.37012,  0, 0, 0, 0, 0,  0,   0,  0, 0, 0, 0,0, 0,-0.463330384,7.670666e-02,108.35733,74.93569,101342.9, 1.067132501, 9.0085645,13.672285,13.52043, 729.4509,7325177,12.649064, 41.069111,423745.8,18.646500,10.285717, 1.869101981,14604.578
VCFC_278,VCF24A005,2024-10-08,281,48.20219,16.29594,  0, 0, 0, 0, 0,  0,   0,  7, 0, 0, 0,0, 0,-0.255521401,7.256388e-02, 99.62247,81.30375,101231.4, 0.963699384, 9.2137839,12.560720,13.20311, 845.4929,7228574,12.471852, 45.045708,434484.7,17.152190, 9.469917, 2.380218626,10452.618
VCFC_279,VCF24A001,2024-11-11,315,48.29099,16.33058,181, 0, 0, 0, 0,  1,  86, 13, 0, 0, 0,0, 0,-0.049395605,0.000000e+00, 74.28176,88.98249,102926.1,-0.047282469, 4.6042347, 6.443116,13.11834, 870.5637,6911278, 5.042150, 11.361890,265343.4,12.308866, 3.745095, 0.000000000,15089.335
VCFC_280,VCF24A003,2024-11-02,306,48.24752,16.43900, 16, 0, 0, 0, 0,  0,   0,  0, 0, 0, 0,0, 0, 0.236826379,6.440441e-03, 79.93828,82.68471,102673.9,-0.551038705, 9.2449338,12.286270,13.73870, 721.7471,7329652, 5.429304,  7.389541,322603.8,16.167674, 8.924443, 0.127317275,15449.399
VCFC_282,VCF24A014,2024-11-07,311,48.25268,16.33831, 19, 0, 0, 0, 0,  0,   0,  0, 0, 0, 0,0, 0, 0.067840701,7.113606e-06, 80.45932,86.34257,102732.5,-0.036840064, 7.4512020, 9.758883,13.25449, 864.3170,7240516, 5.193047, 11.820111,320146.0,14.434723, 6.738461, 0.033474567,16557.606
VCFC_283,VCF24A010,2024-11-14,318,48.15257,16.37012,  0, 0, 0, 0, 0,  0,   0,  0, 0, 0, 0,0, 0,-0.185079838,7.662514e-04, 63.23269,81.17285,102935.4, 0.373825784, 2.2594378, 5.383668,13.52043, 729.4509,7325177, 5.279424,  9.045635,325960.1,10.169250, 2.342315, 0.026666668,14866.075
VCFC_284,VCF24A010,2024-11-14,318,48.15257,16.37012,  0, 0, 3, 0, 0,  0,   0,  0, 0, 1, 0,0, 0,-0.185079838,7.662514e-04, 63.23269,81.17285,102935.4, 0.373825784, 2.2594378, 5.383668,13.52043, 729.4509,7325177, 5.279424,  9.045635,325960.1,10.169250, 2.342315, 0.026666668,14866.075
VCFC_285,VCF24A005,2024-11-19,323,48.20219,16.29594,  0, 0, 0, 0, 0,  0,   5,  6, 0, 0, 0,0, 0,-0.176139351,1.516439e-02, 51.44757,84.81492,102361.5, 1.174673903, 1.7042697, 4.181352,13.20311, 845.4929,7228574, 5.161450, 12.554454,317876.6, 8.376139, 1.465426, 0.404341013,11132.850
VCFC_286,VCF24A149,2024-11-20,324,48.16594,16.32444,  0, 0, 0, 0, 0,  0,   0,  0, 0, 0, 0,0, 0,-0.102779669,1.228779e-02, 52.12674,80.67634,102154.4, 1.271975125, 1.1601192, 4.361025,13.52439, 780.4857,7278145, 5.371199, 10.801577,329033.0, 8.265230, 1.640632, 0.375247201, 9765.501
VCFC_287,VCF24A167,2024-11-25,329,48.21736,16.33149,  0, 0, 0, 0, 0,  0,   5,  0, 0, 0, 0,0, 0,-0.180057320,1.501640e-02, 47.59554,77.30742,101752.5, 2.274954141, 0.3979801, 4.176164,13.96078, 812.3582,7300218, 5.825518, 11.177617,330927.9, 7.026009, 2.088539, 0.427182221, 8418.985
VCFC_288,VCF24A084,2024-11-10,314,48.29387,16.29527,196, 4, 0, 0, 0,  1,  10,  1, 0, 2, 0,0, 0, 0.267107823,1.693050e-05, 78.18098,90.89704,102901.9, 0.268956388, 5.5260445, 7.040031,12.79534, 946.0264,6789198, 4.808842, 12.107103,254197.2,12.881297, 4.085565, 0.006666667,14604.085
VCFC_289,VCF24A168,2024-12-03,337,48.20605,16.35915,  0, 0, 0, 0, 0,  0,   0,  0, 0, 0, 0,0,74,-0.417222478,8.727372e-03, 39.20422,73.96453,101992.6, 1.802661149, 0.0803566, 4.480291,14.60256, 774.2355,7321146, 4.441828, 20.360435,293132.2, 7.385626, 2.855585, 0.322083502, 6388.362
VCFC_290,VCF24A004,2024-10-31,304,48.22681,16.16493,  0, 0, 0, 0, 0,  0,   0,  3, 0, 0, 0,0, 0, 1.592072837,1.059051e-02, 84.97472,89.10595,102618.3,-0.710431991, 9.1528493,11.032281,12.19812,1046.7411,6747730,11.796357, 56.254288,393526.1,15.956738, 8.213764, 0.162671798,14485.192
