sampleId,ParticipantId,collectionEnd,Days,Latitude,Longitude,melanogaster,simulans,suzukii,busckii,testacea,hydei,mercatorum,repleta,funebris,immigrans,phalerata,subobscura,virilis,INCAL_WindSpeedNorth_daily,INCAL_RainfallRate_daily,INCAL_GlobalRadiation_daily,INCAL_RelativeHumidity_daily,INCAL_AirPressure_daily,INCAL_WindSpeedEast_daily,INCAL_DewPointTemperature_daily,INCAL_Temperature2m_daily
VCFC_001,VCF24A001,19/06/2024,170,48.2909924,16.3305821,9,8,35,13,39,0,5,0,0,1,0,0,0,-0.0868780866265297,0.07839458114764662,253.1748057047526,70.80203272501628,101347.65729166666,0.7733960151672363,14.110444577534993,19.914762878417967
VCFC_002,VCF24A003,08/07/2024,189,48.24752,16.439,1,0,0,0,0,0,3,0,0,0,0,0,0,0.18000821247696877,0.04705433402824989,245.75399373372395,61.87661463419597,101212.36302083333,0.6431118309497833,15.32766939798991,23.533399454752605
VCFC_003,VCF24A022,17/06/2024,168,48.211826,16.392461,0,0,0,0,0,0,0,0,0,0,0,0,0,0.1599820077419281,0.16067912027756392,241.17758433024088,66.041259765625,101310.37447916667,1.1077318365375202,13.13236172993978,20.089382298787434
VCFC_004,VCF24A012,21/06/2024,172,48.176807,16.36726,4,0,0,0,0,0,11,0,2,0,0,0,0,0.28507803082466127,0.06580040591373594,240.40328013102214,65.21617101033529,101304.63958333334,1.297884974628687,13.643954213460287,20.724724769592285
VCFC_005,VCF24A022,25/06/2024,176,48.211826,16.392461,2,0,0,0,0,0,13,0,0,0,0,0,0,-0.23922522664070128,0.04269299173374748,265.1907730102539,61.473062642415364,101454.31822916666,0.22036206026872,13.683383496602376,21.774866739908855
VCFC_006,VCF24A054,23/06/2024,174,48.238611,16.38297,0,0,0,0,0,0,11,0,0,0,0,0,0,-0.5702284067869187,0.06926052903390124,254.61189727783204,64.21385396321615,101383.72760416666,0.8034764210383097,13.499131457010906,20.907514127095542
VCFC_007,VCF24M004,26/06/2024,177,48.2024576,16.3912598,47,1,0,0,0,0,4,0,1,0,0,0,0,-0.07579427858193716,0.03851861530450454,269.3755777994792,61.31008631388347,101410.5984375,0.04351099828879038,14.249648666381836,22.41634521484375
VCFC_008,VCF24M006,26/06/2024,177,48.1993004,16.3526577,0,0,0,0,0,0,6,0,0,0,0,0,0,-0.029009119669596354,0.04216636266452648,267.8343149820964,60.741678365071614,101416.28020833334,0.13980138599872588,14.2428129196167,22.568935012817384
VCFC_009,VCF24A006,24/06/2024,175,48.232858,16.290515,0,0,0,0,0,0,1,0,0,0,0,0,0,-0.4902512828509013,0.05738205915004073,271.0734069824219,67.9870226542155,101467.97135416667,1.060456774632136,13.434206326802572,19.85952885945638
VCFC_010,VCF24M005,26/06/2024,177,48.1984457,16.363255,6,0,0,0,0,0,2,0,0,0,0,0,0,-0.03333740234375,0.044795735732198715,267.4250254313151,60.02311655680339,101416.4109375,0.11452361841996511,14.218533579508463,22.73650665283203
VCFC_011,VCF24M008,26/06/2024,177,48.2216895,16.4020354,7,0,0,0,0,0,15,0,0,0,0,0,0,-0.1258603831132253,0.04190595515968501,272.71754150390626,62.2969243367513,101402.39166666666,0.027014915148417154,14.348101043701172,22.290873718261718
VCFC_012,VCF24A054,27/06/2024,178,48.238611,16.38297,5,0,0,0,0,0,76,0,1,0,0,0,0,-0.12464564790328343,0.049822831624987886,276.8231730143229,63.17206395467122,101389.92239583333,0.09797875434160233,15.009593264261882,22.74824638366699
VCFC_013,VCF24A010,01/07/2024,182,48.1525687,16.3701174,79,0,0,0,0,0,0,0,2,0,0,0,1,-0.2758558581272761,0.05579943428359305,268.21295369466145,62.34696858723958,101343.70625,0.6542580246925354,15.6787233988444,23.58770268758138
VCFC_014,VCF24A010,01/07/2024,182,48.1525687,16.3701174,21,8,5,2,1,1,0,0,23,23,2,0,0,-0.2758558581272761,0.05579943428359305,268.21295369466145,62.34696858723958,101343.70625,0.6542580246925354,15.6787233988444,23.58770268758138
VCFC_015,VCF24A084,02/07/2024,183,48.29387095,16.29527035,1,0,0,0,0,1,2,0,0,0,0,0,0,-0.19506476720174154,0.05716639713948553,265.8051401774089,69.26536331176757,101327.190625,1.098226763556401,15.772526041666667,21.972676595052082
VCFC_016,VCF24A096,04/07/2024,185,48.179084,16.281316,0,0,0,0,0,0,29,0,0,0,0,0,0,-0.37149109741051994,0.03251262495523406,263.6114888509115,64.45557912190755,101257.9171875,1.1837315579255423,14.918099403381348,22.301984532674155
VCFC_017,VCF24A119,05/07/2024,186,48.1925638,16.3639217,1,0,0,0,0,1,16,0,0,0,0,0,0,-0.15562267551819484,0.03609542098468713,260.6044158935547,57.872476196289064,101231.86458333333,1.649885023633639,14.17101910909017,23.332424290974934
VCFC_018,VCF24A030,06/07/2024,187,48.1882827,16.3054565,42,0,14,0,0,0,0,0,0,0,2,0,0,-0.24360474646091462,0.013493816647678614,258.69903971354165,62.599160766601564,101229.76458333334,1.4955733054627975,14.664497884114583,22.5666197458903
VCFC_019,VCF24A049,08/07/2024,189,48.22026015,16.38459645,1,0,0,0,0,0,94,0,21,0,0,0,0,0.11265890498956045,0.02550961423936921,249.96688130696614,61.35893961588542,101232.325,1.169622045258681,15.253379313151042,23.540942764282228
VCFC_020,VCF24A010,08/07/2024,189,48.1525687,16.3701174,31,0,0,0,0,2,4,0,9,10,0,0,0,0.289734360575676,0.051424825370001294,249.6151550292969,62.692036692301436,101230.45572916667,1.3737968146800994,15.224337323506672,23.109106953938802
VCFC_021,VCF24A054,05/07/2024,186,48.238611,16.38297,10,0,0,0,0,0,45,0,7,0,0,0,0,-0.31387799431880314,0.04913851109555765,263.55865376790365,59.73675587972005,101214.66041666667,1.2697525237997374,14.375849850972493,23.031196467081706
VCFC_022,VCF24A071,08/07/2024,189,48.194892,16.282509,5,0,0,0,0,0,32,0,1,0,0,0,0,-0.05624585698048274,0.017415434531479455,247.41627502441406,65.85879592895508,101234.8625,1.3041019224872192,15.580944188435872,22.713681793212892
VCFC_023,VCF24A005,08/07/2024,189,48.202186,16.295935,0,0,0,0,0,0,10,0,0,0,0,0,0,0.047949289282162987,0.013964102708268911,248.55609334309895,65.72873153686524,101235.58697916666,1.4823683102925618,15.441428057352702,22.588520304361978
VCFC_024,VCF24A020,08/07/2024,189,48.2097492,16.3139526,0,0,0,0,0,10,54,0,0,0,0,0,0,0.05818142692248027,0.010112085361940141,249.7756612141927,64.77659606933594,101238.009375,1.176187954346339,15.370731544494628,22.75303726196289
VCFC_025,VCF24M009,09/07/2024,190,48.1820617,16.5031151,16,0,0,0,0,61,0,0,12,6,0,0,1,0.23258997735877832,0.030039873372879812,253.03252563476562,62.48655395507812,101240.8703125,0.8922933846712112,15.628120803833008,23.707150395711263
VCFC_025#2,VCF24M009,09/07/2024,190,48.1820617,16.5031151,13,9,0,0,0,0,0,0,0,0,0,0,0,0.23258997735877832,0.030039873372879812,253.03252563476562,62.48655395507812,101240.8703125,0.8922933846712112,15.628120803833008,23.707150395711263
VCFC_026,VCF24A003,09/07/2024,190,48.24752,16.439,0,0,0,0,0,0,10,0,0,0,0,0,0,0.22020926053325335,0.04705433402824989,240.9849426269531,61.63617935180664,101206.56614583333,0.6559285859266917,15.626941553751628,23.960749181111655
VCFC_027,VCF24A100,09/07/2024,190,48.193077,16.316525,24,0,0,0,0,0,21,0,4,0,0,0,1,0.20372264683246613,0.010889887347514105,245.75072784423827,63.64385197957357,101231.753125,1.5127376774946848,15.685820579528809,23.417483774820962
VCFC_028,VCF24A100,09/07/2024,190,48.193077,16.316525,0,0,0,0,0,0,26,0,0,0,0,0,0,0.20372264683246613,0.010889887347514105,245.75072784423827,63.64385197957357,101231.753125,1.5127376774946848,15.685820579528809,23.417483774820962
VCFC_029,VCF24A010,11/07/2024,192,48.1525687,16.3701174,38,0,0,1,0,0,7,0,3,3,0,0,0,0.2568347175916036,0.08157926582110425,244.73062540690105,62.501712544759116,101247.475,1.763539723555247,15.754297129313152,23.78209139506022
VCFC_030,VCF24A010,11/07/2024,192,48.1525687,16.3701174,12,0,4,0,0,0,0,0,0,0,0,0,0,0.2568347175916036,0.08157926582110425,244.73062540690105,62.501712544759116,101247.475,1.763539723555247,15.754297129313152,23.78209139506022
VCFC_031,VCF24A005,12/07/2024,193,48.202186,16.295935,0,0,0,0,0,0,8,0,0,0,0,0,0,-0.009229830900828044,0.035086155329675725,246.79400634765625,65.88434321085612,101228.653125,1.8068663368622462,15.936583137512207,23.15501251220703
VCFC_032,VCF24A009,11/07/2024,192,48.4338949,16.47867439,0,0,0,1,0,29,1,0,0,0,0,0,0,-0.00665135383605957,0.17357268094832154,249.88199157714843,68.71373875935872,101287.95364583333,0.6369342734416326,16.2012357711792,22.788277053833006
VCFC_033,VCF24A054,12/07/2024,193,48.238611,16.38297,6,0,0,0,0,0,29,0,3,0,0,0,0,-0.0016477704048156738,0.06608743565107697,251.0457773844401,62.38383916219075,101220.39739583334,1.215775328874588,15.86619300842285,24.010156631469727
VCFC_034,VCF24A124,14/07/2024,195,48.1895931,16.2977181,0,0,0,0,0,2,32,0,1,0,0,0,0,-0.32930386861165367,0.035591377905196474,248.80630798339843,64.6403434753418,101251.634375,1.7362243870894114,15.830798149108887,23.33506940205892
VCFC_035,VCF24A055,11/07/2024,192,48.26137,16.384091,84,0,0,0,0,0,12,0,0,0,0,0,0,0.035165478785832725,0.056858624813806574,247.4727813720703,63.153969065348306,101243.98489583333,0.9695202638705571,16.027742767333983,23.973358154296875
VCFC_036,VCF24A095,14/07/2024,195,48.1951118,16.2876311,65,0,0,0,0,3,47,0,20,0,0,0,0,-0.30379109382629393,0.03662453737473091,247.809614054362,65.51348597208658,101252.1203125,1.9031418111796181,15.869592666625977,23.158438364664715
VCFC_037,VCF24A010,15/07/2024,196,48.1525687,16.3701174,28,0,0,0,0,7,3,0,3,0,0,0,1,-0.4832586646080017,0.06073372032525034,255.99519856770834,61.92090835571289,101249.9359375,1.8382338841756185,15.74483420054118,23.935430018107095
VCFC_038,VCF24A010,15/07/2024,196,48.1525687,16.3701174,8,11,4,0,0,0,0,0,0,1,0,0,0,-0.4832586646080017,0.06073372032525034,255.99519856770834,61.92090835571289,101249.9359375,1.8382338841756185,15.74483420054118,23.935430018107095
VCFC_039,VCF24A016,15/07/2024,196,48.29798735,16.41942077,59,0,0,0,0,0,5,0,0,0,0,0,0,-0.15380025518437226,0.03802188577327191,258.69098409016925,64.3915278116862,101247.47291666667,1.010124929745992,16.097567876180012,23.78357365926107
VCFC_040,VCF24A133,15/07/2024,196,48.2450494,16.3722084,22,0,0,0,0,1,14,0,0,0,0,0,0,-0.4188245217005412,0.04649923211121253,264.4918589274088,61.783181508382164,101250.41458333333,1.14788978099823,15.87005983988444,24.15854860941569
VCFC_041,VCF24A014,17/07/2024,198,48.252675,16.338313,0,0,0,0,0,1,8,0,0,0,0,0,0,-0.353726061185201,0.04029112774611955,275.2808013916016,63.28239364624024,101389.021875,1.439886309703191,16.28820997873942,24.202220026652018
VCFC_042,VCF24A010,17/07/2024,198,48.1525687,16.3701174,15,0,0,0,0,1,3,0,3,0,0,0,0,-0.5089783390363057,0.06082407188633473,265.76849772135415,61.37603225708008,101373.928125,1.5374820162852605,16.281684557596844,24.69900042215983
VCFC_043,VCF24A010,17/07/2024,198,48.1525687,16.3701174,11,0,2,0,0,0,0,0,2,1,0,0,0,-0.5089783390363057,0.06082407188633473,265.76849772135415,61.37603225708008,101373.928125,1.5374820162852605,16.281684557596844,24.69900042215983
VCFC_044,VCF24A003,22/07/2024,203,48.24752,16.439,3,0,0,0,0,2,18,0,0,0,0,0,0,-0.4992542564868927,0.038821897976110145,258.0410176595052,59.017372131347656,101379.91041666667,0.8264285278817017,16.681606801350913,25.87478370666504
VCFC_045,VCF24A031,22/07/2024,203,48.2096648,16.3375929,63,0,0,0,0,3,15,0,3,0,0,0,0,-0.8118752141793569,0.026708259174483828,260.77391560872394,59.45639190673828,101413.95625,1.3492072939872741,16.61772321065267,25.590744145711263
VCFC_046,VCF24A133,22/07/2024,203,48.2450494,16.3722084,22,0,2,0,0,6,18,0,1,0,0,0,0,-0.8404936909675598,0.037815278618806285,270.7638844807943,59.579043579101565,101401.43177083334,0.8946936945120494,16.74115956624349,25.694030253092446
VCFC_047,VCF24A006,22/07/2024,203,48.232858,16.290515,25,0,0,0,0,0,11,0,0,0,0,0,0,-1.0276578227678934,0.02914779475450473,263.1729431152344,64.28153661092122,101419.03958333333,1.746080764879783,16.802412096659342,24.486271158854166
VCFC_048,VCF24A071,18/07/2024,199,48.194892,16.282509,14,0,0,0,0,0,9,0,0,0,0,0,0,-0.2913872718811035,0.03463414749673272,265.9130798339844,64.20403747558593,101426.79375,1.195423882951339,16.879127756754556,24.65887959798177
VCFC_049,VCF24A106,18/07/2024,199,48.180312,16.387895,1,0,0,0,0,47,4,0,1,0,0,0,0,-0.5488852381706237,0.055041588352469265,266.37217305501304,60.500799814860024,101428.31666666667,1.1671031355857848,16.34121774037679,24.98833796183268
VCFC_050,VCF24A010,22/07/2024,203,48.1525687,16.3701174,87,2,0,0,0,3,5,0,1,0,0,0,0,-1.2501469453175862,0.04824539556354921,258.6392873128255,59.70911560058594,101399.659375,1.4943153788646062,16.69279416402181,25.55892651875814
VCFC_051,VCF24A010,22/07/2024,203,48.1525687,16.3701174,14,0,38,0,0,2,3,0,2,1,0,0,0,-1.2501469453175862,0.04824539556354921,258.6392873128255,59.70911560058594,101399.659375,1.4943153788646062,16.69279416402181,25.55892651875814
VCFC_052,VCF24A135,22/07/2024,203,48.2520897,16.43862778,6,0,0,0,0,0,11,0,0,0,0,0,0,-0.4853498657544454,0.042860151023827106,257.8227254231771,58.95621973673503,101378.8171875,0.8121652240554492,16.675085957845052,25.892833964029947
VCFC_053,VCF24A004,22/07/2024,203,48.226806,16.1649319,1,0,0,0,0,0,21,0,0,0,0,0,0,-0.6085427498755356,0.06367181826596303,259.82911987304686,68.5791618347168,101443.68020833333,1.448713521162669,17.123205439249674,23.724570337931315
VCFC_054,VCF24A054,17/07/2024,198,48.238611,16.38297,32,0,0,0,0,0,23,0,2,0,0,0,0,-0.4454959034919739,0.04873264384270802,272.4617970784505,60.73449427286784,101371.57916666666,1.1393477737903595,16.337635040283203,24.98348185221354
VCFC_055,VCF24A003,08/07/2024,189,48.24752,16.439,2,0,0,0,0,0,1,0,0,0,0,0,0,0.18000821247696877,0.04705433402824989,245.75399373372395,61.87661463419597,101212.36302083333,0.6431118309497833,15.32766939798991,23.533399454752605
VCFC_056,VCF24A001,16/07/2024,197,48.2909924,16.3305821,16,0,0,0,0,5,55,0,0,1,0,0,0,-0.32947277824083965,0.04066148408746813,263.2160217285156,66.5070571899414,101315.11302083333,1.1381089727083842,16.49694690704346,23.57161610921224
VCFC_057,VCF24A137,22/07/2024,203,48.2247254,16.38306948,73,0,0,0,0,1,48,0,3,0,0,0,0,-0.8252874135971069,0.04960220770323455,263.5089101155599,58.46190923055013,101400.79635416667,1.1437400956948598,16.628713353474936,25.89532216389974
VCFC_058,VCF24A132,23/07/2024,204,48.1938088,16.3432726,9,0,0,0,0,0,1,0,0,0,0,0,0,-0.6737948457400004,0.03581355061584569,253.723491414388,58.55986709594727,101403.5578125,1.821576209863027,16.349336942036945,25.542247263590493
VCFC_059,VCF24A014,24/07/2024,205,48.252675,16.338313,0,0,0,0,0,3,14,0,0,1,0,0,0,-1.0093690653642018,0.038262245956624,263.4071472167969,61.657152811686196,101402.06302083333,1.8419715543588002,15.966883087158203,24.21688486735026
VCFC_060,VCF24A053,25/07/2024,206,48.10110745,16.30012191,23,0,0,0,0,17,0,0,0,1,0,0,0,-0.7340839693943659,0.051402003873105666,256.9832326253255,61.4662473042806,101366.84895833333,1.1958147794008256,16.278675715128582,24.594789250691733
VCFC_061,VCF24A055,24/07/2024,205,48.26137,16.384091,10,1,1,0,0,1,3,0,0,0,0,0,0,-1.039402644832929,0.03744919972233826,261.42703704833986,60.13457336425781,101382.33333333333,1.2971415668725967,16.15848534901937,24.88162638346354
VCFC_062,VCF24A071,25/07/2024,206,48.194892,16.282509,45,0,0,0,0,2,24,0,0,0,0,0,0,-0.6636346399784088,0.02564563647902105,255.60712483723958,62.305206553141275,101378.625,1.8167486565808455,15.915928141276042,24.09761276245117
VCFC_063,VCF24A054,24/07/2024,205,48.238611,16.38297,41,0,0,0,0,1,30,0,1,0,0,0,0,-1.1810666958491007,0.04265104214609892,261.92886606852215,59.23770243326823,101382.99895833334,1.5469610691070557,16.03331693013509,24.991146977742513
VCFC_064,VCF24A132,23/07/2024,204,48.1938088,16.3432726,0,0,0,0,0,0,2003,0,0,0,0,0,0,-0.6737948457400004,0.03581355061584569,253.723491414388,58.55986709594727,101403.5578125,1.821576209863027,16.349336942036945,25.542247263590493
VCFC_065,VCF24A085,25/07/2024,206,48.2236766,16.3742674,20,0,0,0,0,2,4,0,0,0,0,0,0,-1.1122472961743672,0.04463912239928807,260.06710357666014,57.60572509765625,101373.09895833333,1.5097038646539052,15.50777988433838,24.92224032084147
VCFC_066,VCF24A129,25/07/2024,206,48.2217373,16.3723924,11,0,0,0,0,0,25,0,1,0,0,0,0,-1.1163714706897736,0.04444008315331303,259.30213521321616,57.4894297281901,101374.5875,1.5254952669143678,15.497585868835449,24.942721557617187
VCFC_067,VCF24A061,26/07/2024,207,48.262432,16.427556,0,0,0,0,0,0,0,0,0,0,0,0,0,-0.625428972641627,0.017607281433932562,263.1930557250977,56.65802230834961,101367.0875,1.004144183297952,15.287378629048666,25.05820426940918
VCFC_068,VCF24A001,26/07/2024,207,48.2909924,16.3305821,11,0,0,0,0,2,31,0,0,0,0,0,0,-0.6325260569651922,0.0019211259929761582,267.68323974609376,61.085532633463544,101407.56041666666,1.2249458809693654,15.649099858601888,24.060543568929038
VCFC_069,VCF24A132,27/07/2024,208,48.1938088,16.3432726,17,0,0,0,0,0,7,0,1,0,0,0,0,-0.8632587313652038,0.0017513770835042427,258.13805389404297,55.50083847045899,101427.28683035714,1.743823637564977,15.227581850687663,25.187742487589517
VCFC_071,VCF24A022,28/07/2024,209,48.211826,16.392461,0,0,0,0,0,0,11,0,0,0,0,0,0,-1.2029991269111633,0.0006571228809358824,259.36189978463307,53.93907775878906,101483.49720982143,1.6320913871129354,14.640137545267741,25.06761054992676
VCFC_072,VCF24A141,28/07/2024,209,48.215696,16.389651,1,0,0,0,0,0,19,0,0,0,0,0,0,-1.1984822730223337,0.0005929788335076107,260.5480858939035,54.03532918294271,101482.36104910714,1.594206992785136,14.649828592936197,25.05342394510905
VCFC_073,VCF24A010,29/07/2024,210,48.1525687,16.3701174,0,0,45,0,0,1,0,0,0,2,2,0,0,-1.930949076016744,0.002343507271614461,259.7080307006836,54.55227254231771,101496.23137019231,1.9634400278329849,14.14717165629069,24.379521560668945
VCFC_074,VCF24A010,29/07/2024,210,48.1525687,16.3701174,15,0,0,0,0,2,6,0,3,0,0,0,0,-1.930949076016744,0.002343507271614461,259.7080307006836,54.55227254231771,101496.23137019231,1.9634400278329849,14.14717165629069,24.379521560668945
VCFC_075,VCF24A142,30/07/2024,211,48.251925,16.320591,0,0,0,0,0,0,646,0,0,0,0,0,0,-0.8891718536615372,0.010078052850197613,269.7557520185198,56.26356608072917,101534.00661057692,1.5811777075131734,13.789726257324219,23.540455500284832
VCFC_076,VCF24A142,30/07/2024,211,48.251925,16.320591,0,0,0,0,0,0,121,0,0,0,0,0,0,-0.8891718536615372,0.010078052850197613,269.7557520185198,56.26356608072917,101534.00661057692,1.5811777075131734,13.789726257324219,23.540455500284832
VCFC_078,VCF24A149,01/08/2024,213,48.165943,16.324441,0,0,0,0,0,0,3,0,0,0,0,0,0,-1.1306236724058787,0.020426213111507725,251.96794891357422,54.85086263020833,101355.49579326923,1.634249795973301,14.03074607849121,24.215251922607422
VCFC_079,VCF24A149,01/08/2024,213,48.165943,16.324441,2,0,0,0,0,0,2,0,0,0,0,0,0,-1.1306236724058787,0.020426213111507725,251.96794891357422,54.85086263020833,101355.49579326923,1.634249795973301,14.03074607849121,24.215251922607422
VCFC_080,VCF24A004,31/07/2024,212,48.226806,16.1649319,36,0,0,0,0,0,40,0,0,0,0,0,0,-0.8529791037241617,0.0438434573278452,264.1832526070731,61.462684377034506,101484.99699519231,1.2224809060494104,14.357596524556477,22.78053550720215
VCFC_081,VCF24A133,31/07/2024,212,48.2450494,16.3722084,0,0,0,0,0,7,21,0,0,0,0,0,0,-1.025545530517896,0.001673028714776592,264.44612884521484,53.18373413085938,101446.70913461539,0.8343468445042769,13.671286582946777,24.400097529093426
VCFC_082,VCF24A035,24/07/2024,205,48.1564925,16.28339381,12,21,7,0,1,0,0,0,0,0,0,1,0,-0.9666153430938721,0.033908956562424916,255.74442291259766,62.69855270385742,101395.2078125,1.6635173201560973,16.275327746073405,24.28432413736979
VCFC_083,VCF24A035,24/07/2024,205,48.1564925,16.28339381,57,0,0,0,0,8,1,0,0,0,0,0,0,-0.9666153430938721,0.033908956562424916,255.74442291259766,62.69855270385742,101395.2078125,1.6635173201560973,16.275327746073405,24.28432413736979
VCFC_084,VCF24A035,30/07/2024,211,48.1564925,16.28339381,0,6,3,0,0,0,0,0,0,0,0,0,0,-0.8784555455048879,0.007554396486743068,266.6281961713518,56.42846527099609,101520.58653846153,1.1850914011398952,14.055840237935383,23.806268183390298
VCFC_085,VCF24A035,31/07/2024,212,48.1564925,16.28339381,52,0,0,0,0,1,4,0,0,0,0,0,0,-0.7377992937962214,0.0291458222359059,261.08215713500977,55.92060089111328,101453.24519230769,1.0812635670105617,14.067304674784342,23.959046427408854
VCFC_086,VCF24A014,31/07/2024,212,48.252675,16.338313,33,0,0,0,0,7,12,0,0,0,0,0,0,-0.874753013253212,0.004105993004244132,262.8802239554269,54.81162796020508,101460.44110576923,1.135946693023046,13.716594123840332,23.896107610066732
VCFC_087,VCF24A142,31/07/2024,212,48.251925,16.320591,0,0,0,0,0,0,7,0,0,0,0,0,0,-0.7627508680025736,0.009817633172254621,261.25390243530273,55.772553253173825,101466.31790865384,1.4772090554237365,13.81269130706787,23.70002950032552
VCFC_088,VCF24A144,01/08/2024,213,48.196621,16.391428,0,0,0,0,0,0,117,0,0,0,0,0,0,-0.9893330891927083,0.01150535973404961,247.72862679617745,52.568121337890624,101361.90925480769,1.6815187911192575,13.706804434458414,24.564930725097657
VCFC_089,VCF24A146,02/08/2024,214,48.202099,16.343202,25,4,0,0,0,1,7,0,1,0,0,0,0,-0.7774253437916437,0.01154585364291118,245.83393096923828,53.66886978149414,101317.91165865384,1.954876747727394,13.715440718332927,24.255801518758137
VCFC_090,VCF24A054,04/08/2024,216,48.238611,16.38297,1,0,0,0,0,0,23,0,0,0,0,0,0,-0.9195821980635325,0.025113788277061153,248.925047654372,56.404039764404295,101357.48046875,1.5363407343626023,13.843783187866212,23.6200257619222
VCFC_091,VCF24A055,03/08/2024,215,48.26137,16.384091,16,9,0,0,0,1,1,0,0,0,0,0,0,-0.7400199313958485,0.006096475844500068,263.2116264930138,55.65230026245117,101312.33203125,1.1531712959210079,13.828546142578125,23.86055768330892
VCFC_092,VCF24A150,05/08/2024,217,48.204611,16.267526,2,6,0,0,0,19,1,0,1,0,0,0,0,-0.6278960297505061,0.061564352611094365,246.93372403658353,61.32075068155925,101384.69205729167,2.124310848116875,14.013220659891765,22.521878814697267
VCFC_093,VCF24A124,05/08/2024,217,48.1895931,16.2977181,4,0,0,0,0,0,46,0,1,0,0,0,0,-0.559949167072773,0.04116118959427695,250.35307077261118,59.00829162597656,101381.28059895833,1.6247893596688907,13.878691101074219,22.95601132710775
VCFC_094,VCF24A084,05/08/2024,217,48.29387095,16.29527035,39,4,0,3,0,1,5,0,0,0,0,0,0,-0.4547236904501915,0.018667894899651098,254.01280857966498,60.88787689208984,101396.625,1.6952959597110748,13.904752349853515,22.38760426839193
VCFC_095,VCF24A004,05/08/2024,217,48.226806,16.1649319,8,0,0,0,0,0,22,0,0,0,0,0,0,-0.7445610572894414,0.0930572921798254,254.24533198429987,64.65964050292969,101410.19140625,1.7573062111934026,14.08854242960612,21.690686416625976
VCFC_096,VCF24A022,05/08/2024,217,48.211826,16.392461,40,0,0,0,0,0,8,0,0,0,0,0,0,-0.8428989990303913,0.023536557474168756,246.6568638728215,55.38869603474935,101378.12109375,1.559333590666453,13.450890191396077,23.524502309163413
VCFC_097,VCF24A149,08/08/2024,220,48.165943,16.324441,2,0,0,0,0,0,3,0,1,0,0,0,0,-0.7540279472867648,0.0380110219521157,253.85228377122147,57.93861465454101,101363.13736979167,1.3960731481512387,13.8536652247111,23.23134167989095
VCFC_098,VCF24A051,07/08/2024,219,48.2389401,16.3107359,0,2,0,0,0,0,45,0,0,0,0,0,0,-0.6980219294627508,0.046216308534561296,257.36194610595703,59.09254379272461,101352.55208333333,1.35553337931633,13.64488442738851,22.663553746541343
VCFC_099,VCF24A141,07/08/2024,219,48.215696,16.389651,2,0,0,0,0,0,26,0,1,0,0,0,0,-0.6398639040688674,0.02115082626357131,254.5484630878155,55.47046000162761,101340.19986979167,1.147676228483518,13.43269780476888,23.522223281860352
VCFC_100,VCF24A129,08/08/2024,220,48.2217373,16.3723924,75,0,0,0,0,1,49,0,2,0,0,0,0,-0.6007597828904788,0.029019266791874544,254.819339458759,55.879459889729816,101364.12630208333,1.0657003223896027,13.604215939839682,23.610783767700195
VCFC_101,VCF24A133,09/08/2024,221,48.2450494,16.3722084,0,0,2,0,0,25,12,0,0,0,0,0,0,-0.7084511260191599,0.029300979173664626,254.76323641263522,56.97846908569336,101412.16536458333,0.985731495047609,13.893924903869628,23.577979405721027
VCFC_102,VCF24A135,09/08/2024,221,48.2520897,16.43862778,2,0,0,0,0,0,5,0,0,0,0,0,0,-0.24489033594727516,0.009811658764374443,244.43936685415414,56.252689361572266,101389.30078125,0.7796999019881089,13.804100481669108,23.774399058024088
VCFC_103,VCF24A004,08/08/2024,220,48.226806,16.1649319,0,0,0,0,0,0,0,0,0,0,0,0,0,-0.5934981356064478,0.058678114359887935,253.6109114426833,64.44785385131836,101393.982421875,1.5353691866000494,14.17990328470866,21.873524475097657
VCFC_104,VCF24A035,07/08/2024,219,48.1564925,16.28339381,40,33,7,0,0,0,0,0,0,0,0,0,0,-0.4556467960278193,0.04116158530438649,255.86846689077524,59.59802169799805,101346.044921875,1.091972455382347,13.85749994913737,22.757771555582682
VCFC_105,VCF24A035,07/08/2024,219,48.1564925,16.28339381,36,0,0,1,0,1,5,0,0,0,0,0,0,-0.4556467960278193,0.04116158530438649,255.86846689077524,59.59802169799805,101346.044921875,1.091972455382347,13.85749994913737,22.757771555582682
VCFC_106,VCF24A035,11/08/2024,223,48.1564925,16.28339381,25,0,0,0,0,0,0,0,0,5,2,0,0,-0.671107738216718,0.04115175668339362,251.1705834524972,59.54831771850586,101453.640625,1.228040944536527,14.321167691548665,23.291146977742514
VCFC_107,VCF24A035,11/08/2024,223,48.1564925,16.28339381,86,2,0,0,0,2,5,0,0,0,0,0,0,-0.671107738216718,0.04115175668339362,251.1705834524972,59.54831771850586,101453.640625,1.228040944536527,14.321167691548665,23.291146977742514
VCFC_108,VCF24A001,10/08/2024,222,48.2909924,16.3305821,42,6,0,0,0,5,23,0,0,0,0,0,0,-0.5259034335613251,0.014212399326550933,253.6071290236253,59.82734298706055,101466.79036458333,1.1599826145917178,14.151711908976237,23.001380284627277
VCFC_109,VCF24A040,12/08/2024,224,48.16463525,16.29894373,24,0,0,0,0,2,1,0,0,0,0,0,0,-0.7299571856856346,0.08993644129476479,247.6787556239537,60.03888676961263,101366.86478365384,1.3646775469183923,14.839585558573406,23.693854014078777
VCFC_110,VCF24A106,12/08/2024,224,48.180312,16.387895,84,0,0,0,0,28,4,0,1,0,0,0,0,-0.9047869458794594,0.1097213871097362,245.90614809308732,56.58535944620768,101370.4375,1.7094424019257228,14.382656892140707,24.104501088460285
VCFC_111,VCF24A151,12/07/2024,193,48.1994451,16.3496835,8,0,0,0,0,5,330,0,1,0,0,0,0,0.32825371424357097,0.04975359411885923,248.16818389892578,61.241440836588545,101238.31875,1.642159323891004,15.715310605367025,24.1512451171875
VCFC_112,VCF24A001,12/08/2024,224,48.2909924,16.3305821,11,5,0,0,0,1,28,0,0,0,0,0,0,-0.4334753101070722,0.02291253623286309,248.8362650190081,61.01636861165365,101375.81069711539,0.9515255889544885,14.866744867960612,23.44053421020508
VCFC_114,VCF24A084,13/08/2024,225,48.29387095,16.29527035,39,0,0,0,0,1,13,0,0,0,0,0,0,-0.26728613475958507,0.02532403789567373,241.24685178484236,63.10881881713867,101368.77232142857,1.3980210761229197,15.514255714416503,23.44916712443034
VCFC_115,VCF24A067,26/07/2024,207,48.296142,16.564001,0,0,0,0,0,0,0,0,0,0,0,0,0,-0.9444743742545446,0.011315984851777709,267.4670567830404,59.86279195149739,101389.79375,1.1059022565217067,15.378111139933269,24.32123794555664
VCFC_116,VCF24A067,12/08/2024,224,48.296142,16.564001,0,0,0,0,0,0,1,0,0,0,0,0,0,-0.5337154325718682,0.04190604055766016,243.75590896606445,61.39913787841797,101366.04747596153,0.7202813260257244,14.623472023010255,23.32943280537923
VCFC_117,VCF24A004,13/08/2024,225,48.226806,16.1649319,3,0,0,0,0,0,3,0,0,0,0,0,0,-0.49624128341674806,0.08721610012580641,234.24407087053572,67.1786511739095,101381.32979910714,1.446255432566007,15.730201212565104,22.69884287516276
VCFC_118,VCF24A014,13/08/2024,225,48.252675,16.338313,0,0,0,0,0,0,3,0,0,0,0,0,0,-0.500779444972674,0.059665135150620094,241.48651831490653,60.63603108723958,101357.58928571429,1.2109795361757278,15.213296508789062,23.843448003133137
VCFC_119,VCF24A125,01/08/2024,213,48.229845,16.354887,20,0,0,0,0,0,32,0,0,0,0,0,0,-0.9070070415735245,0.005140398671695342,256.29603903634205,53.86891555786133,101358.18569711539,1.2957379986842474,13.814851347605387,24.319535319010416
VCFC_120,VCF24A019,13/08/2024,225,48.2072188,16.37597441,0,0,0,0,0,0,6,0,0,0,0,0,0,-0.43675952322082595,0.05318328919820488,237.27985382080078,57.00409088134766,101356.11495535714,1.1719804008801777,15.177498563130696,24.85040855407715
VCFC_121,VCF24A148,12/08/2024,224,48.211029,16.377193,99,0,0,0,0,9,7,0,0,0,0,0,0,-0.6347772009670735,0.04721006405112955,245.7336060660226,56.31095708211263,101370.63762019231,1.2015191713968914,14.538680426279704,24.46092109680176
VCFC_122,VCF24A071,16/08/2024,228,48.194892,16.282509,14,0,0,0,0,3,12,0,0,0,0,0,0,-0.30818475410342216,0.08636916917360699,239.00901685442244,63.564492289225264,101418.93191964286,1.2543370962142943,16.133562533060708,24.076851018269856
VCFC_123,VCF24A149,14/08/2024,226,48.165943,16.324441,0,0,0,0,0,0,4,0,0,0,0,0,0,-0.8439016718417406,0.08755482204602837,236.71175112043107,60.30247243245443,101356.07142857143,1.6123473246892293,15.703417015075683,24.390907033284506
VCFC_124,VCF24A030,18/08/2024,230,48.1882827,16.3054565,15,0,0,0,0,4,8,0,1,0,0,0,2,-0.2712889847656091,0.0757469717238564,230.9768102010091,63.36299540201823,101379.7734375,1.1583647102117538,16.54869702657064,24.556083297729494
VCFC_125,VCF24A084,18/08/2024,230,48.29387095,16.29527035,17,0,0,0,0,6,14,0,0,0,0,0,0,-0.1045982226729393,0.03628195541969035,237.7427739461263,65.74808044433594,101398.53541666667,1.3054458177958925,16.515926869710288,23.823405710856118
VCFC_126,VCF24A142,14/08/2024,226,48.251925,16.320591,0,0,0,0,0,1,2271,0,0,0,0,0,0,-0.47266834576924643,0.06811373465103922,237.95621762956893,61.729132588704424,101371.92075892857,1.9722849398851394,15.503780110677083,23.770302963256835
VCFC_127,VCF24A008,19/08/2024,231,48.2103138,16.3263737,20,0,0,0,0,3,14,0,2,0,0,0,6,-0.3145296735068162,0.0826727359657525,237.9451670328776,62.07372207641602,101374.284375,1.0292351126670838,16.520802815755207,24.850436655680337
VCFC_128,VCF24A009,18/08/2024,230,48.4338949,16.47867439,25,0,0,0,0,0,11,0,0,0,0,0,0,-0.2621614250044028,0.04891282737177486,232.64820658365886,66.0537353515625,101411.984375,0.41594560295343397,16.414211972554526,23.76985740661621
VCFC_129,VCF24A133,19/08/2024,231,48.2450494,16.3722084,7,0,0,0,0,1,4,0,0,0,0,0,0,-0.4180636794616779,0.1927462820720393,245.61272176106772,62.2724001566569,101363.23489583333,0.6932155925780534,16.66706085205078,25.008489227294923
VCFC_130,VCF24A056,19/08/2024,231,48.2022743,16.34718763,6,0,0,0,0,0,7,0,0,0,0,0,0,-0.19197028776009878,0.08943697233238103,236.31604410807293,59.96772994995117,101377.7921875,1.0895806183417638,16.441983858744305,25.343081283569337
VCFC_131_1,VCF24A049,22/07/2024,203,48.22026015,16.38459645,0,0,0,0,0,0,21,0,0,0,0,0,0,-0.8376212735970815,0.05109324034022696,262.3846506754557,58.270501708984376,101402.45520833334,1.1842146873474122,16.60423730214437,25.920848973592122
VCFC_131_2,VCF24A164,22/07/2024,203,46.7132072,11.664763,46,0,0,0,0,0,0,0,0,0,0,0,0,,,,,,,,
VCFC_131_3,VCF24A165,22/07/2024,203,48.1149444,11.5832909,0,0,0,0,0,0,1,0,0,0,0,0,0,0.4549200287709633,0.0884728457353655,251.50151875813802,69.46932805379232,101460.08229166667,1.0219759742418926,16.56215591430664,22.98945706685384
VCFC_132,VCF24A142,20/08/2024,232,48.251925,16.320591,0,0,0,0,0,0,292,0,0,0,0,0,0,-0.32630650500456493,0.13769276253927576,230.63176981608072,65.0359883626302,101377.43072916666,1.8593101640542349,16.794527371724445,24.31042111714681
VCFC_133,VCF24A014,20/08/2024,232,48.252675,16.338313,0,0,0,0,0,5,15,0,0,0,0,0,0,-0.3727295815944672,0.17156824143991495,232.25403340657553,64.3067128499349,101370.95260416667,1.3977855915824573,16.81981347401937,24.544860458374025
VCFC_134,VCF24A084,19/08/2024,231,48.29387095,16.29527035,25,0,0,0,0,11,23,0,0,0,0,0,0,-0.08597112347682317,0.02717287756871277,242.6219034830729,65.56209462483724,101389.5875,1.2508882877106469,16.675336519877117,24.033997853597004
VCFC_135,VCF24A102,18/08/2024,230,48.161427,16.377245,0,0,0,0,0,0,1,0,0,0,0,0,0,-0.7959598580996196,0.10956641477144634,229.02893473307293,61.20296579996745,101374.05833333333,1.4315935095151266,16.20380833943685,24.69139264424642
VCFC_136,VCF24A003,21/08/2024,233,48.24752,16.439,0,0,0,0,0,0,0,0,0,0,0,0,0,-0.161465397849679,0.14163617309823168,219.27108205159504,61.0054074605306,101350.84479166666,0.7302106599013011,16.585205078125,25.272063064575196
VCFC_137,VCF24A040,21/08/2024,233,48.16463525,16.29894373,37,0,0,0,0,21,3,0,2,0,0,0,1,-0.5378872187963376,0.08982208363237684,219.06759287516277,64.01351954142253,101379.63854166666,1.4269382258256276,16.778911844889322,24.56919631958008
VCFC_138,VCF24A153,20/08/2024,232,48.2083537,16.3725042,0,0,0,0,0,0,4,0,0,0,0,0,0,-0.33715421954790753,0.126904797099697,221.30353597005208,60.068885294596356,101368.48697916667,1.2985430190960565,16.78663864135742,25.653243001302084
VCFC_139,VCF24A129,21/08/2024,233,48.2217373,16.3723924,9,1,0,0,0,4,44,0,1,0,0,0,0,-0.4420238257696231,0.15359089463361972,219.15221099853517,61.17192764282227,101379.10833333334,1.1594391211867332,16.647873242696125,25.21225382486979
VCFC_140,VCF24A054,21/08/2024,233,48.238611,16.38297,60,0,0,0,0,8,50,0,2,0,0,0,0,-0.46171737698217236,0.1723501351434,222.85337677001954,62.22816797892253,101371.72916666667,1.0147264408568542,16.72742951711019,25.031552124023438
VCFC_141,VCF24A149,21/08/2024,233,48.165943,16.324441,2,0,0,0,0,0,4,0,0,0,0,0,0,-0.7232399338235458,0.08738383997527611,218.4019795735677,62.737037913004556,101377.57604166666,1.5236135711272558,16.721594937642415,24.838930511474608
VCFC_142,VCF24A152,22/08/2024,234,48.214946,16.307119,11,0,0,0,0,0,2,0,0,0,0,0,1,-0.3367630191147327,0.13293620345333088,222.77376861572264,63.9303581237793,101386.61614583334,0.9929065644741059,16.581417020161947,24.41343460083008
VCFC_143,VCF24A121,22/08/2024,234,48.1936436,16.39628617,18,0,0,0,0,1,13,0,0,0,0,0,0,-0.46139141817887624,0.06982821594279472,221.75473327636718,59.788692220052084,101382.48645833334,1.2173793509602546,16.338163057963055,25.197420120239258
VCFC_144,VCF24A051,22/08/2024,234,48.2389401,16.3107359,17,0,0,0,0,1,29,0,0,0,0,0,0,-0.44379084979494415,0.15871527801427873,226.15553232828776,64.61457646687826,101394.8125,1.2861852884292602,16.517061614990233,24.135749435424806
VCFC_145,VCF24A003,26/08/2024,238,48.24752,16.439,0,0,0,0,0,0,20,0,0,0,0,0,0,-0.2953445831934611,0.14080409400048666,213.87842254638673,62.288945007324216,101356.46458333333,0.7613347748915354,16.417129453023275,24.725741068522137
VCFC_146,VCF24A084,26/08/2024,238,48.29387095,16.29527035,0,0,0,0,0,4,6,0,0,1,0,0,0,-0.21569511592388152,0.025715074865729548,217.97720082600912,67.49124526977539,101409.2484375,1.5634222842132053,16.6313684463501,23.473998260498046
VCFC_147,VCF24A141,23/08/2024,235,48.215696,16.389651,19,0,0,0,0,0,2,0,2,0,0,0,0,-0.15087894527241588,0.13317602694244973,222.7738764444987,60.09711888631185,101358.97552083334,0.8099515562256178,16.541897201538085,25.404429626464843
VCFC_148,VCF24A054,25/08/2024,237,48.238611,16.38297,381,0,0,0,0,14,44,0,1,0,0,0,0,-0.5086017865687609,0.17152773166245272,224.1902582804362,62.970235697428386,101335.15,0.8706739353636901,16.65760103861491,24.741402180989585
VCFC_149,VCF24A066_2,26/08/2024,238,47.8326455,16.622614,34,60,0,0,0,116,3,0,0,13,0,0,0,-1.7699392512440681,0.026871841009900286,211.0781443277995,67.9080581665039,101328.01145833333,0.9979407856861751,17.6540828704834,24.43237024943034
VCFC_150,VCF24A082,19/08/2024,231,48.3017437,15.89634159,151,0,0,0,0,12,6,0,0,0,0,0,0,0.4989011769493421,0.09978339749698838,231.48899739583334,70.35961990356445,101385.0671875,1.4158839881420135,17.41304613749186,23.65533167521159
VCFC_151,VCF24A128,26/08/2024,238,48.207303,16.526469,8,0,0,0,0,0,0,0,0,0,0,0,0,-0.5582249086660643,0.05421922006304764,224.67516326904297,63.900702412923174,101403.54479166666,1.0417842831462623,16.53983929951986,24.336528015136718
VCFC_152,VCF24A004,26/08/2024,238,48.226806,16.1649319,47,0,0,0,0,1,40,0,0,0,0,0,0,-0.3803391416867574,0.05809916946842956,211.68818206787108,70.90814208984375,101422.74947916667,1.69055271645387,16.737859217325845,22.78617630004883
VCFC_153,VCF24A010,26/08/2024,238,48.1525687,16.3701174,10,0,0,0,0,2,7,0,0,0,0,0,0,-0.9401970971065263,0.10332716793066841,211.85021107991537,62.90916849772135,101380.19166666667,1.726023319363594,16.428067207336426,24.434906260172525
VCFC_154,VCF24A010,26/08/2024,238,48.1525687,16.3701174,0,0,0,0,0,0,0,0,0,0,0,0,0,-0.9401970971065263,0.10332716793066841,211.85021107991537,62.90916849772135,101380.19166666667,1.726023319363594,16.428067207336426,24.434906260172525
VCFC_155,VCF24A154,26/08/2024,238,48.179639,16.334559,35,0,0,0,0,0,8,0,7,0,0,0,0,-0.526398096481959,0.07212767756936955,211.14429321289063,63.02805658976237,101390.6953125,1.5180732478698096,16.499260012308756,24.506489562988282
VCFC_156,VCF24A128,27/08/2024,239,48.207303,16.526469,0,0,0,0,0,0,1,0,0,0,0,0,0,-0.4775105477931599,0.03999868132765793,222.57827911376953,64.05584309895833,101451.396875,0.9922581231842439,16.43417282104492,24.1915283203125
VCFC_157,VCF24A098,27/08/2024,239,48.1546511,16.18490002,7,0,0,0,0,0,0,0,0,0,0,0,0,-0.14643330772717794,0.03954452641531437,209.95034535725912,69.41374791463217,101476.08697916666,1.4571298241615296,16.30390993754069,22.711434427897135
VCFC_158,VCF24A107,31/07/2024,212,48.186599,16.374685,0,0,0,0,0,0,4,0,0,0,0,0,0,-1.0331317981084187,0.024012258796513683,252.2009756905692,51.624176788330075,101458.70492788461,1.4504761408859244,13.528464158376059,24.669892501831054
VCFC_159,VCF24A018,28/08/2024,240,48.18784,16.356778,4,0,0,0,0,10,19,0,2,0,0,0,0,-0.44718154867490134,0.04223771111816556,212.01885325113932,61.19430262247722,101482.74947916667,1.4727241575717926,16.316371981302897,24.822902170817056
VCFC_160,VCF24A053,28/08/2024,240,48.10110745,16.30012191,59,0,0,0,0,7,3,0,2,0,0,0,1,-0.3846479701499144,0.03492652431790096,209.33711954752604,64.46662317911783,101462.653125,0.9693949773907662,16.566973368326824,24.234489059448244
VCFC_161,VCF24A141,28/08/2024,240,48.215696,16.389651,10,0,0,0,0,1,24,27,1,0,0,0,0,-0.6009793140304586,0.11734902918587978,215.44605763753256,62.14611994425456,101470.18385416667,1.269371758401394,16.32995885213216,24.581358083089192
VCFC_162,VCF24A149,24/08/2024,236,48.165943,16.324441,0,0,0,0,0,2,5,7,0,0,0,0,0,-0.42244979875783123,0.08607599386790146,220.73421834309895,62.36512908935547,101333.09166666666,1.136987625559171,16.72137362162272,24.961270014444988
VCFC_163,VCF24A047,28/08/2024,240,48.19438,16.3196898,0,0,0,0,0,4,9,5,0,0,0,0,0,-0.4310237353046735,0.02669238421949558,213.54684041341145,64.28017959594726,101477.52760416667,1.6321180482705435,16.42556921641032,24.130546951293944
VCFC_164,VCF24A056,30/08/2024,242,48.2022743,16.34718763,0,0,0,0,0,0,1,2,0,0,0,0,0,-0.6742738425731659,0.06469436443876475,207.68294779459634,62.37714182535807,101515.79791666666,1.349848888317744,16.2872745513916,24.504175440470377
VCFC_165,VCF24A054,31/08/2024,243,48.238611,16.38297,27,0,0,0,0,220,102,102,2,0,0,0,0,-0.8098853884885708,0.00577893414238891,217.8793177286784,63.322655487060544,101528.33645833333,0.8275653585791588,16.152785619099934,24.146087392171225
VCFC_166,VCF24A001,01/09/2024,244,48.2909924,16.3305821,126,0,0,0,0,1,46,0,0,0,0,0,0,-0.43902825911839805,0.0017374574425048194,218.19012807210285,64.74100112915039,101586.19270833333,0.8134836514790853,16.004375902811685,23.62489496866862
VCFC_167,VCF24A125,19/08/2024,231,48.229845,16.354887,5,0,0,0,0,0,1,0,0,0,0,0,0,-0.364955727259318,0.16289845443194886,241.57180684407552,61.8393051147461,101368.75677083334,0.8708977381388346,16.57320156097412,24.994770812988282
VCFC_168,VCF24A149,30/08/2024,242,48.165943,16.324441,3,0,0,0,0,0,2,1,0,0,0,0,0,-0.9810509453217189,0.03658738261534988,208.22510274251303,64.43062133789063,101503.04583333334,1.402638728916645,16.40175329844157,24.090242640177408
VCFC_169,VCF24A006,01/09/2024,244,48.232858,16.290515,0,0,0,0,0,1,12,4,0,0,0,0,0,-0.7874516874551774,0.0003228916804800974,214.56864166259766,64.62657318115234,101586.53020833334,1.2715007801850637,15.889815839131673,23.506149546305338
VCFC_170,VCF24A022,01/09/2024,244,48.211826,16.392461,14,2,0,0,0,0,21,3,0,0,0,0,0,-0.7997816145420075,0.0018698653874101485,212.06368611653645,59.35733489990234,101571.83802083334,1.024383238889277,15.658300145467122,24.700461196899415
VCFC_171,VCF24A085,02/09/2024,245,48.2236766,16.3742674,7,5,0,0,0,3,9,6,0,0,0,0,0,-0.635483825330933,0.0014655184255085866,214.51368153889973,58.82258605957031,101588.99791666666,0.5356533834089835,15.471747589111327,24.734527333577475
VCFC_173,VCF24A129,02/09/2024,245,48.2217373,16.3723924,31,0,0,0,0,42,30,69,2,0,0,0,0,-0.6267183233052492,0.0013595526913832146,214.1770268758138,58.56164449055989,101590.19427083334,0.5396628841757775,15.455134073893229,24.788336817423502
VCFC_174,VCF24A010,02/09/2024,245,48.1525687,16.3701174,9,0,0,0,0,0,2,1,0,0,0,0,0,-0.7310133665800095,0.000983645631519418,210.47882639567058,58.444001007080075,101583.540625,0.6343807642658551,15.438336245218913,24.75994135538737
VCFC_175,VCF24A010,02/09/2024,245,48.1525687,16.3701174,0,1,4,0,1,0,0,0,0,0,10,0,0,-0.7310133665800095,0.000983645631519418,210.47882639567058,58.444001007080075,101583.540625,0.6343807642658551,15.438336245218913,24.75994135538737
VCFC_176,VCF24A014,02/09/2024,245,48.252675,16.338313,1,0,0,0,0,0,5,1,0,0,0,0,0,-0.6175652274861931,0.0011013976687233177,221.75188293457032,62.13999786376953,101603.02916666666,0.5986655195554097,15.586019643147786,23.8727596282959
VCFC_177,VCF24A001,02/09/2024,245,48.2909924,16.3305821,69,0,0,0,0,0,89,0,0,0,0,0,0,-0.3422989865144094,0.0017374574425048194,217.54544118245443,62.70046717325847,101603.00729166667,0.49708582560221354,15.73394807179769,23.945131047566733
VCFC_178,VCF24A143,05/09/2024,248,46.6177207,14.0412346,90,0,0,0,0,2,19,3,0,0,0,0,0,,,,,,,,
VCFC_179,VCF24A083,05/08/2024,217,48.1973106,16.3854827,1,0,0,0,0,1,17,11,0,0,0,0,0,-0.8538541426261266,0.03955557905252741,243.8984850369967,55.105377451578775,101385.13411458333,1.8115030060211816,13.416808478037517,23.545304997762045
VCFC_180,VCF24A127,08/09/2024,251,48.2212779,16.3227521,0,0,0,0,0,0,10,15,1,0,0,0,0,0.2635383069515228,0.05599494916908346,200.95614217122395,58.02955144246419,101486.13645833333,-0.4129103273153305,14.766432189941407,24.342173385620118
VCFC_181,VCF24A149,06/09/2024,249,48.165943,16.324441,0,0,0,0,0,0,1,0,0,0,0,0,0,0.3628591229518255,0.0012537309760773496,213.1654052734375,55.22105356852214,101571.08697916666,-0.5104439054926236,14.791407521565755,25.127395375569662
VCFC_182,VCF24A010,09/09/2024,252,48.1525687,16.3701174,12,16,8,0,2,0,0,0,0,1,3,0,0,1.2182822813590368,0.09050859610215412,192.40437965393068,56.4146375020345,101409.75,-1.1856954808036486,14.382550875345865,24.41593780517578
VCFC_183,VCF24A010,09/09/2024,252,48.1525687,16.3701174,15,0,0,0,0,0,2,6,3,0,0,0,0,1.2182822813590368,0.09050859610215412,192.40437965393068,56.4146375020345,101409.75,-1.1856954808036486,14.382550875345865,24.41593780517578
VCFC_184,VCF24A009,07/09/2024,250,48.4338949,16.47867439,54,0,0,0,0,2,5,0,0,0,0,0,0,0.3084701995054881,0.00022173929028213024,212.51478576660156,56.35795567830404,101583.62447916667,-0.549999043593804,14.321679814656575,24.435842259724936
VCFC_185,VCF24A009,07/09/2024,250,48.4338949,16.47867439,49,9,0,0,0,2,4,0,0,0,0,0,0,0.3084701995054881,0.00022173929028213024,212.51478576660156,56.35795567830404,101583.62447916667,-0.549999043593804,14.321679814656575,24.435842259724936
VCFC_186,VCF24A147,29/08/2024,241,46.6406261,13.8918321,174,16,0,0,0,11,10,0,0,0,0,0,0,,,,,,,,
VCFC_187,VCF24A141,11/08/2024,223,48.215696,16.389651,10,0,0,0,0,0,17,2,0,0,0,0,0,-0.814400934924682,0.0211280151263054,249.58334132603235,55.629190826416014,101447.796875,1.2977899899085363,13.939387130737305,24.030624771118163
VCFC_188,VCF24A021,11/08/2024,223,48.207718,16.229537,9,3,0,1,0,1,5,0,0,0,0,0,0,-0.2790994147459666,0.050522283824284385,239.62107031685966,66.14888203938803,101468.92007211539,1.0465596944093705,14.667671585083008,22.176347986857095
VCFC_189,VCF24A014,11/09/2024,254,48.252675,16.338313,2,0,0,0,0,0,39,8,0,0,0,0,0,0.18911753495534261,0.0900181456755187,193.83496780395507,61.25553894042969,101305.22083333334,0.26693541804949444,13.755565134684245,22.41868190765381
VCFC_192,VCF24A149,13/09/2024,256,48.165943,16.324441,0,0,0,0,0,1,2,2,0,0,0,0,0,0.17216906944910684,0.2939865813267109,156.63951301574707,62.91554565429688,101204.88072916666,1.1988185510039329,12.146643988291423,20.47490736643473
VCFC_193,VCF24A141,11/09/2024,254,48.215696,16.389651,17,10,0,0,0,1,2,0,0,0,0,0,0,0.423470630745093,0.10922389541738084,186.12822914123535,56.896777089436846,101293.159375,-0.007510131845871608,13.548010698954265,23.52693436940511
VCFC_194,VCF24A143,13/09/2024,256,46.6177207,14.0412346,2,0,0,0,0,0,49,0,0,0,0,0,0,,,,,,,,
VCFC_195,VCF24A129,13/09/2024,256,48.2217373,16.3723924,5,0,0,0,0,4,25,33,0,0,0,0,0,-0.027173988024393716,0.34153269205511,159.48401845296223,61.73329366048177,101204.13333333333,1.2091192543506621,12.22278839747111,20.912107880910238
VCFC_196,VCF24A025,16/09/2024,259,48.255813,16.419907,693,0,0,0,0,0,3,0,0,0,0,0,0,0.015630291899045308,0.6582518471685641,127.3126397450765,68.66959711710612,101181.15572916667,1.3727923234303792,11.072324848175048,18.028124713897704
VCFC_197,VCF24A010,16/09/2024,259,48.1525687,16.3701174,0,6,0,0,0,0,0,0,0,0,0,0,0,-0.12763274510701497,0.4873084901169932,132.28953030904134,68.10450719197591,101207.0,3.12848953406016,10.789964644114177,17.745506795247397
VCFC_198,VCF24A010,16/09/2024,259,48.1525687,16.3701174,3,0,0,0,0,0,5,1,0,0,0,0,0,-0.12763274510701497,0.4873084901169932,132.28953030904134,68.10450719197591,101207.0,3.12848953406016,10.789964644114177,17.745506795247397
VCFC_199,VCF24A146,16/09/2024,259,48.202099,16.343202,5,0,0,0,0,8,35,4,1,0,0,0,0,-0.031346078713734946,0.4554686164473727,131.42752621968586,68.36386184692383,101221.73177083333,2.71701447168986,10.936365350087483,17.938404083251953
VCFC_200,VCF24A142,17/09/2024,260,48.251925,16.320591,0,1,0,0,0,0,15,0,0,0,0,0,0,-0.3215346654256185,0.6273400683964913,133.65918032328287,74.50311482747396,101277.95520833334,3.6248797218004865,10.991693878173828,16.405376529693605
VCFC_201,VCF24A014,17/09/2024,260,48.252675,16.338313,0,0,0,0,0,0,11,9,0,0,0,0,0,-0.3501105785369873,0.6313599080701048,134.8650161743164,73.38961181640624,101269.95,2.928611203034719,11.036870638529459,16.664114729563394
VCFC_202,VCF24A005,19/09/2024,262,48.202186,16.295935,5,0,0,0,0,0,12,14,0,0,0,0,0,-0.626368434727192,0.5542300420347601,125.20649897257486,77.03564936319987,101408.6796875,3.0386223832766217,10.847567367553712,15.472401777903238
VCFC_203,VCF24A025,19/09/2024,262,48.255813,16.419907,275,0,0,0,0,0,0,0,0,0,0,0,0,-0.2818232387304306,0.7022982443012855,123.63226254781087,73.8163449605306,101361.02395833333,1.5571119757990042,11.064924271901448,16.41413278579712
VCFC_204,VCF24A001,22/09/2024,265,48.2909924,16.3305821,22,0,0,0,0,0,55,0,0,0,0,0,0,-0.6823965450127919,0.7364648008777295,127.67357114156087,80.46842193603516,101510.39791666667,2.2902302662531535,10.431847794850666,14.160179837544758
VCFC_205,VCF24A010,23/09/2024,266,48.1525687,16.3701174,4,0,0,0,0,0,1,0,0,0,0,0,0,-1.7412765363852183,0.4126718139463871,129.16223780314127,75.69929911295573,101519.7265625,4.173451765378316,9.937700684865316,14.607898267110189
VCFC_206,VCF24A010,23/09/2024,266,48.1525687,16.3701174,0,14,0,0,0,0,0,0,0,2,1,0,0,-1.7412765363852183,0.4126718139463871,129.16223780314127,75.69929911295573,101519.7265625,4.173451765378316,9.937700684865316,14.607898267110189
VCFC_207,VCF24A054,22/09/2024,265,48.238611,16.38297,2,0,0,0,0,0,19,69,0,0,0,0,0,-1.0141487777233125,0.6185820288956165,128.63633918762207,76.91559651692708,101488.04010416666,2.5007455229759215,10.32127923965454,14.797073936462402
VCFC_208,VCF24A019,20/09/2024,263,48.2072188,16.37597441,0,0,0,0,0,0,1,0,0,0,0,0,0,-0.684433854619662,0.5447716927097644,129.61104164123535,73.65998611450195,101467.03697916666,2.801776501039664,10.908391729990642,16.16459566752116
VCFC_209,VCF24A147,16/09/2024,259,46.6406261,13.8918321,250,16,0,0,0,6,8,0,0,1,0,0,0,,,,,,,,
VCFC_210,VCF24A005,27/09/2024,270,48.202186,16.295935,0,0,0,0,0,0,14,5,0,0,0,0,0,-0.20670528411865235,0.3644966132642897,123.76128590901693,78.07144927978516,101529.32395833333,2.0403164590398473,10.46630179087321,14.654989433288574
VCFC_211,VCF24A128,26/09/2024,269,48.207303,16.526469,1,1,0,0,0,1,0,1,0,0,0,0,0,-0.07616805632909139,0.4376517891156254,120.24609336853027,77.95972620646158,101486.81770833333,1.4560885737339655,10.617056941986084,14.845353412628175
VCFC_212,VCF24A014,25/09/2024,268,48.252675,16.338313,4,0,0,0,0,1,5,2,0,0,0,0,0,-0.5146800796190898,0.6065486011910253,122.48685862223307,79.47032470703125,101504.40885416667,2.6298984845479327,10.079017384847004,13.962052377065023
VCFC_213,,25/09/2024,268,48.1942056,16.356745,0,0,0,0,0,0,2,1,0,0,0,0,0,-0.27532076636950176,0.40631703014175097,117.9623856862386,74.36274744669596,101509.2703125,2.3831207384665807,10.137323379516602,15.114065106709798
VCFC_214,VCF24A149,23/09/2024,266,48.165943,16.324441,0,0,0,0,0,0,1,2,0,0,0,0,0,-1.4189592977364858,0.4323739803036005,128.5777286529541,76.53054300944011,101527.9921875,3.3275647620360056,9.961480712890625,14.466997782389322
VCFC_215,VCF24A133,28/09/2024,271,48.2450494,16.3722084,7,0,0,0,0,0,2,0,0,0,0,0,0,-0.47071552673975625,0.26594916495523646,133.75048179626464,74.65776494344075,101619.41197916666,1.0168794482946395,10.4660347143809,15.35936902364095
VCFC_216,VCF24A022,29/09/2024,272,48.211826,16.392461,0,0,0,0,0,1,16,5,0,0,0,0,0,-0.14846456448237103,0.08434137676983179,137.89676475524902,70.73074162801107,101684.27708333333,0.5924066546062629,10.098445717493693,15.841093381245932
VCFC_217,VCF24A010,30/09/2024,273,48.1525687,16.3701174,0,4,2,0,0,0,0,0,0,0,0,0,0,-0.023059719800949098,0.028168956606653712,148.49100748697916,70.91054204305013,101695.9234375,-0.008253433307011922,9.919015248616537,15.551115481058757
VCFC_218,VCF24A010,30/09/2024,273,48.1525687,16.3701174,5,5,0,0,0,0,3,0,0,0,0,0,0,-0.023059719800949098,0.028168956606653712,148.49100748697916,70.91054204305013,101695.9234375,-0.008253433307011922,9.919015248616537,15.551115481058757
VCFC_219,VCF24A019,30/09/2024,273,48.2072188,16.37597441,4,0,0,0,0,0,0,0,0,0,0,0,0,0.16673952837785086,0.037634698303448504,145.62430903116862,68.17588551839192,101700.90833333334,0.13303460131088893,9.91984256108602,16.187526257832847
VCFC_220,VCF24A149,01/10/2024,274,48.165943,16.324441,0,0,0,0,0,0,0,5,0,0,0,0,0,0.31174372633298236,0.033784652852727956,138.89313074747722,72.0769755045573,101610.04375,0.05962209084204265,9.800801308949788,15.188399442036946
VCFC_221,VCF24A003,05/09/2024,248,48.24752,16.439,0,0,0,0,0,0,3,0,0,0,0,0,0,-0.1928484986225764,0.006407372373117445,215.38487650553387,55.28235753377279,101547.19270833333,-0.07096830929319063,14.65036563873291,25.226972579956055
VCFC_222,VCF24A004,29/09/2024,272,48.226806,16.1649319,11,0,0,0,0,0,11,3,0,0,0,0,0,0.5269090215365092,0.13220373478228187,138.42948506673176,77.91198933919271,101710.115625,0.4310095851620038,10.055366293589275,14.182733726501464
VCFC_223,VCF24A014,02/10/2024,275,48.252675,16.338313,6,0,0,0,0,0,14,1,0,0,0,0,0,0.11065131823221842,0.04712375190865714,130.0455197652181,73.7651596069336,101536.38177083334,0.4343535304069519,9.525700012842814,14.448784637451173
VCFC_224,VCF24A129,02/10/2024,275,48.2217373,16.3723924,8,0,0,0,0,1,18,14,2,0,0,0,0,0.11921277940273285,0.05922759824279637,128.55002136230468,70.93936182657878,101533.940625,0.2646850911634309,9.579179700215658,15.183049392700195
VCFC_225,VCF24A001,04/10/2024,277,48.2909924,16.3305821,71,3,0,0,0,0,21,0,0,0,0,0,0,-0.060841897130012514,0.10070708315761294,110.02026023864747,77.43645731608073,101418.3671875,0.5753107486026627,9.317426300048828,13.482120132446289
VCFC_226,VCF24A055,06/10/2024,279,48.26137,16.384091,33,0,1,0,0,4,3,5,1,0,0,0,0,-0.4026875029007594,0.07944440680148546,100.62155405680339,77.55119400024414,101302.1015625,0.6927234072770391,9.144324175516765,13.250779787699381
VCFC_227,VCF24A054,06/10/2024,279,48.238611,16.38297,28,0,0,0,0,5,24,49,0,0,0,0,0,-0.4625571163992087,0.08059975857831887,100.05044339497884,76.71048482259114,101301.92135416667,0.8766551294497081,9.085825649897258,13.358445421854656
VCFC_228,VCF24A131,04/10/2024,277,48.210122,16.412825,0,0,0,0,0,2,4,10,0,0,0,0,0,-0.0880351185798645,0.08125746106464551,109.34864616394043,73.13635889689128,101408.78333333334,0.7596685524497714,9.172874434789021,14.301505025227865
VCFC_229,VCF24A160,07/10/2024,280,48.3427,16.40195,19,0,0,0,0,0,3,0,0,0,0,0,0,0.09204514821370442,0.08845540000872158,96.12004407246907,81.86410878499349,101282.88541666667,0.33195475169590544,9.115350532531739,12.35513547261556
VCFC_230,VCF24A067,08/10/2024,281,48.296142,16.564001,0,0,0,0,0,0,16,7,0,0,0,0,0,0.00896456241607666,0.08264698049024446,101.12789662679036,79.88799260457357,101222.19739583334,0.31818716440882,9.277826976776122,12.946163495381674
VCFC_231,VCF24A009,09/10/2024,282,48.4338949,16.47867439,40,8,0,0,0,1,21,0,0,0,0,0,0,-0.05754248400529226,0.1157801237461778,92.62058563232422,82.9933853149414,101163.915625,0.1566737060035978,9.1911452293396,12.226625124613443
VCFC_232,VCF24A009,09/10/2024,282,48.4338949,16.47867439,23,8,0,0,0,0,16,0,0,0,0,0,0,-0.05754248400529226,0.1157801237461778,92.62058563232422,82.9933853149414,101163.915625,0.1566737060035978,9.1911452293396,12.226625124613443
VCFC_233,VCF24A159,11/10/2024,284,48.23098,16.46349,6,0,0,0,0,0,0,0,0,0,0,0,0,-0.3524418624738852,0.0888462459978958,102.2127202351888,78.27447789510092,101271.64635416666,0.862262270280293,8.468469476699829,12.384925778706869
VCFC_234,VCF24A157,10/10/2024,283,48.17803,16.27124,0,0,0,0,0,0,3,14,0,0,0,0,0,-0.46578444838523864,0.10082137563925547,97.53676427205404,82.41249491373698,101221.78541666667,1.2019135739122118,8.871905295054118,11.967041905721029
VCFC_235,VCF24M010,12/10/2024,285,48.26103,16.338216,2,10,0,0,0,1,0,0,0,0,0,0,0,-0.43033495793739956,0.10671296630487935,96.13782043457032,82.73869476318359,101287.49375,1.3955988202776228,8.27554349899292,11.280110041300455
VCFC_236,VCF24M010,12/10/2024,285,48.26103,16.338216,86,18,0,0,0,0,0,0,0,0,0,0,0,-0.43033495793739956,0.10671296630487935,96.13782043457032,82.73869476318359,101287.49375,1.3955988202776228,8.27554349899292,11.280110041300455
VCFC_237,VCF24M011,12/10/2024,285,48.254046,16.31076,69,30,0,0,0,0,0,0,0,0,0,4,0,-0.3531295875708262,0.10843402408421146,96.15476735432942,84.323801167806,101293.98333333334,1.8281673661300115,8.361523914337159,11.07333329518636
VCFC_238,VCF24A163,13/10/2024,286,48.2938722,16.3245931,6,0,0,0,0,0,6,0,0,0,0,0,0,-0.04785302405556043,0.1384579692511276,91.89382108052571,84.33015899658203,101247.9421875,0.8629446753433773,8.648678811391195,11.359138361612956
VCFC_239,VCF24A084,13/10/2024,286,48.29387095,16.29527035,121,4,0,0,0,1,6,1,0,0,0,0,0,0.19193158249060313,0.148736065387493,92.88441543579101,85.80921376546225,101250.00052083333,1.134884434086936,8.56578327814738,11.003116544087728
VCFC_240,VCF24A004,13/10/2024,286,48.226806,16.1649319,8,0,0,0,0,0,1,0,0,0,0,0,0,0.24201135834058127,0.14400170908290116,96.36678530375163,87.47281799316406,101261.09479166666,0.9961295660052981,8.575969791412353,10.717199198404948
VCFC_241,VCF24A019,12/10/2024,285,48.2072188,16.37597441,0,0,0,0,0,0,1,0,1,0,0,0,0,-0.496594246228536,0.08701284269724661,98.91129773457845,77.06914571126302,101287.75,1.2325618309634072,8.516508865356446,12.634919420878093
VCFC_242,VCF24A091,13/10/2024,286,48.187254,16.349366,0,0,0,0,0,0,26,5,0,0,0,0,0,-0.08231246123711268,0.079040852948674,98.88266359965006,78.33311411539714,101245.81875,1.0497389052595412,8.635461330413818,12.487643686930339
VCFC_243,VCF24A142,13/10/2024,286,48.251925,16.320591,2,0,0,0,0,0,10,1,0,0,0,0,0,-0.20081230153640112,0.10643640358418148,95.26177062988282,83.79007517496744,101246.50885416666,1.4672628257955824,8.485710175832113,11.286114247639974
VCFC_244,VCF24A149,13/10/2024,286,48.165943,16.324441,0,0,0,0,0,0,2,1,0,0,0,0,0,-0.20162481640775998,0.09308042436083876,99.7908457438151,80.64817759195964,101245.69010416667,1.041389205626079,8.524416160583495,11.929889170328776
VCFC_245,VCF24A006,11/10/2024,284,48.232858,16.290515,0,0,0,0,0,0,0,1,0,0,0,0,0,-0.8305318196614583,0.10240451620362971,99.38430951436361,84.46241963704428,101301.9234375,1.5880448520183563,8.41892506281535,11.122724596659342
VCFC_246,VCF24A080,15/10/2024,288,48.222543,16.328819,7,0,0,0,0,1,2,16,0,0,0,0,0,-0.266182175775369,0.08895115577615798,96.27235412597656,81.91276092529297,101324.14739583334,1.0186037133846964,8.671525192260741,11.820083618164062
VCFC_247,VCF24A030,15/10/2024,288,48.1882827,16.3054565,1,0,0,0,0,0,5,2,0,0,0,0,0,-0.1520556484659513,0.09516509444177927,95.89379806518555,81.71610717773437,101327.396875,0.9510082198040826,8.698681577046711,11.892720731099446
VCFC_248,VCF24A128,15/10/2024,288,48.207303,16.526469,6,0,0,0,0,0,0,0,0,0,0,0,0,-0.09706925439337889,0.08654970425801972,94.19854405721028,80.04860941569011,101335.4140625,0.5987855983631951,8.642574818929036,12.14746831258138
VCFC_249,VCF24A066,15/10/2024,288,48.2015272,16.3908343,5,15,0,0,0,0,1,0,0,0,0,0,0,-0.10077207759022713,0.09140957983618136,94.96720657348632,77.9574681599935,101321.15,0.8856816025716918,8.615276177724203,12.519892374674479
VCFC_250,VCF24A162,16/10/2024,289,48.1935351,16.3693088,3,0,0,0,0,3,14,0,0,0,0,0,0,0.261518631875515,0.07132038316922262,97.71174863179525,76.84892069498697,101424.12708333334,0.5440353135267894,8.570198122660319,12.675489679972332
VCFC_251,VCF24A010,15/10/2024,288,48.1525687,16.3701174,16,0,0,0,0,0,0,0,0,0,0,0,0,0.11082504267493884,0.09888024116517044,96.4291763305664,79.4380874633789,101317.02604166667,0.8303000969546181,8.508031749725342,12.117951011657714
VCFC_252,VCF24A082,14/10/2024,287,48.3017437,15.89634159,296,0,0,0,0,1,2,0,0,0,0,0,0,0.09723654463887214,0.1268027877784334,90.32332712809244,85.55626322428385,101268.12604166666,1.2425671661538737,8.69806957244873,11.164115842183431
VCFC_253,VCF24A128,21/10/2024,294,48.207303,16.526469,7,0,0,0,0,0,0,0,0,0,0,0,0,1.2651589583605527,0.031676423095632344,104.66878611246744,74.21598815917969,101884.35104166667,-0.9971875488758087,7.661547629038493,12.314593950907389
VCFC_254,VCF24A005,22/10/2024,295,48.202186,16.295935,0,0,0,0,0,0,4,16,0,0,0,0,0,1.011212054391702,0.041933820485428444,103.38437143961589,79.35441131591797,102043.12135416667,-0.514438504477342,7.8690846761067705,11.509324073791504
VCFC_255,VCF24A084,17/10/2024,290,48.29387095,16.29527035,108,4,0,0,0,0,6,0,0,0,0,0,0,0.7967586567004522,0.13752175630749358,101.1043083190918,84.35964813232422,101475.45833333333,0.412881084283193,8.394832611083984,11.08524030049642
VCFC_256,VCF24A157,22/10/2024,295,48.17803,16.27124,0,0,0,0,0,0,0,24,0,0,0,0,0,0.9472633820027113,0.04570676221046597,104.44063669840494,79.54230600992838,102041.46979166666,-0.6102051655451457,7.885043780008952,11.490545654296875
VCFC_257,VCF24A010,22/10/2024,295,48.1525687,16.3701174,0,1,2,0,0,0,0,0,0,0,0,0,0,2.7613198406994344,0.04729475666730044,100.11854553222656,75.74591369628907,102036.4140625,-1.8185706183314323,7.679357465108236,11.998831049601238
VCFC_258,VCF24A010,22/10/2024,295,48.1525687,16.3701174,22,0,0,0,0,0,1,0,0,0,0,0,0,2.7613198406994344,0.04729475666730044,100.11854553222656,75.74591369628907,102036.4140625,-1.8185706183314323,7.679357465108236,11.998831049601238
VCFC_259,VCF24A155,22/10/2024,295,48.28229,15.71151,220,0,0,0,0,3,6,1,0,0,0,0,0,-0.022151142871007324,0.03590229913049067,106.17661997477214,79.6920664469401,101978.10572916667,-0.2218699296315511,7.994745953877767,11.602212715148926
VCFC_260,VCF24A014,23/10/2024,296,48.252675,16.338313,3,0,0,0,0,0,1,0,0,0,0,0,0,1.0254152248303094,0.036648510460190666,100.28331413269044,77.67007293701172,102229.9234375,-0.3127465764681498,7.386459795633952,11.332405853271485
VCFC_261,VCF24A149,26/10/2024,299,48.165943,16.324441,7,0,0,0,0,0,2,0,0,0,0,0,0,2.6352524700264137,0.00879344333179688,90.71676712036133,78.5870346069336,102463.05416666667,-2.1896603534619015,8.032895565032959,11.825400161743165
VCFC_262,VCF24A005,28/10/2024,301,48.202186,16.295935,0,0,0,0,0,0,5,22,0,0,0,0,0,1.3448583662509919,0.0028099922070699297,90.06745122273763,81.61885579427083,102585.09947916666,-1.5006232008337974,8.599038155873616,11.828470230102539
VCFC_263,VCF24A035,27/10/2024,300,48.1564925,16.28339381,59,0,0,0,0,0,4,0,0,0,0,0,0,1.460519942951699,0.011229954602943812,91.80824165344238,80.35731964111328,102544.16927083333,-1.5357784792780875,8.303168964385986,11.760240681966145
VCFC_264,VCF24A035,27/10/2024,300,48.1564925,16.28339381,6,10,6,0,0,0,0,0,1,0,0,0,0,1.460519942951699,0.011229954602943812,91.80824165344238,80.35731964111328,102544.16927083333,-1.5357784792780875,8.303168964385986,11.760240681966145
VCFC_265,VCF24A010,30/10/2024,303,48.1525687,16.3701174,30,2,0,0,0,0,0,2,0,0,0,0,0,2.794878501693408,0.005261616872060889,84.07373708089193,80.16465861002604,102612.91979166666,-2.5093222305178644,9.00679817199707,12.493788464864094
VCFC_266,VCF24A161,29/10/2024,302,48.201737,16.389169,17,0,0,0,0,0,0,0,0,0,0,0,0,2.256261059641838,0.0031013555407450135,89.7177500406901,77.08358459472656,102603.62083333333,-2.1101105442891517,8.738674704233805,12.82150650024414
VCFC_267,VCF24A028,30/10/2024,303,48.083889,16.28351,25,0,0,0,0,0,0,0,0,0,0,0,0,0.7376716579000155,0.004710157658943596,87.8824515024821,82.57650146484374,102634.93385416667,-0.3228310232361158,9.20899330774943,12.255698649088542
VCFC_268,VCF24A060,30/10/2024,303,48.2163425,16.3573787,21,0,0,0,0,0,3,0,0,0,0,0,0,1.4292123069365819,0.0039015122379396417,83.94972559611003,78.81268361409505,102616.5,-1.1375687325994173,9.049340629577637,12.813462066650391
VCFC_269,VCF24A014,31/10/2024,304,48.252675,16.338313,26,0,0,0,0,0,2,0,0,0,0,0,0,0.7683902030810714,0.004820054337490849,86.70722490946451,83.07316284179687,102618.56145833334,-0.498751504222552,9.002158610026042,11.964959144592285
VCFC_270,VCF24A019,02/11/2024,306,48.2072188,16.37597441,0,0,0,0,0,0,3,0,0,0,0,0,0,0.7920432950441654,0.003138876805845333,83.3679285783034,80.45321361835187,102688.34495192308,-0.5144945686826339,9.655775216909555,13.09057485140287
VCFC_271,VCF24A147,10/10/2024,283,46.6406261,13.8918321,213,5,0,0,0,0,5,0,0,0,0,0,0,,,,,,,,
VCFC_272,CoordVorhanden,04/11/2024,308,48.4713164,15.9814074,110,0,0,0,0,5,9,3,1,0,0,0,1,0.016357221282445468,0.007810684825138499,78.75373561565692,87.441163283128,102739.98858173077,-0.4268340767146303,8.155312941624569,10.259018311133751
VCFC_273,VCF24A162,05/11/2024,309,48.1935351,16.3693088,32,0,0,0,0,0,3,2,1,0,0,0,0,0.4024724776928241,0.003156040969285338,79.73476600646973,80.07332258958083,102732.40024038461,-0.19523721704116234,8.728109231361977,12.184910407433144
VCFC_274,VCF24A133,06/11/2024,310,48.2450494,16.3722084,33,0,0,0,0,1,0,3,0,0,0,0,0,0.2116995296226098,0.0006072532817294511,80.48723837045523,83.27938197209285,102725.02103365384,-0.2757779382742368,7.802499679418711,10.691616975344145
VCFC_275,VCF24A010,05/10/2024,278,48.1525687,16.3701174,11,0,0,0,0,0,0,0,0,0,0,0,0,-0.46333038409550986,0.07670666226088846,108.35733057657878,74.93569157918294,101342.89635416666,1.0671325006655283,9.008564472198486,13.672285079956055
VCFC_276,VCF24A010,05/10/2024,278,48.1525687,16.3701174,0,0,0,0,0,0,0,0,0,0,0,0,0,-0.46333038409550986,0.07670666226088846,108.35733057657878,74.93569157918294,101342.89635416666,1.0671325006655283,9.008564472198486,13.672285079956055
VCFC_278,VCF24A005,08/10/2024,281,48.202186,16.295935,0,0,0,0,0,0,0,7,0,0,0,0,0,-0.2555214007695516,0.07256388178709586,99.62246882120768,81.30374603271484,101231.4328125,0.9636993839272431,9.213783899943033,12.560719807942709
VCFC_279,VCF24A001,11/11/2024,315,48.2909924,16.3305821,181,0,0,0,0,1,86,13,0,0,0,0,0,-0.0493956054294055,0.0,74.28176307678223,88.98249053955078,102926.10396634616,-0.04728246945887804,4.604234658754789,6.44311641729795
VCFC_280,VCF24A003,02/11/2024,306,48.24752,16.439,16,0,0,0,0,0,0,0,0,0,0,0,0,0.23682637892376918,0.006440441167796962,79.93827819824219,82.68470588097206,102673.91105769231,-0.5510387053856483,9.244933751913218,12.286269774803749
VCFC_282,VCF24A014,07/11/2024,311,48.252675,16.338313,19,0,0,0,0,0,0,0,0,0,0,0,0,0.06784070104671021,7.1136057764912644e-06,80.45931801429161,86.34257096510667,102732.54927884616,-0.03684006383021673,7.451201970760639,9.758883476257324
VCFC_283,VCF24A010,14/11/2024,318,48.1525687,16.3701174,0,0,0,0,0,0,0,0,0,0,0,0,0,-0.1850798378388087,0.0007662513541617955,63.23269088451679,81.17285391000601,102935.44230769231,0.3738257835308711,2.259437750165279,5.383668110920833
VCFC_284,VCF24A010,14/11/2024,318,48.1525687,16.3701174,0,0,3,0,0,0,0,0,0,1,0,0,0,-0.1850798378388087,0.0007662513541617955,63.23269088451679,81.17285391000601,102935.44230769231,0.3738257835308711,2.259437750165279,5.383668110920833
VCFC_285,VCF24A005,19/11/2024,323,48.202186,16.295935,0,0,0,0,0,0,5,6,0,0,0,0,0,-0.17613935098052025,0.015164390760492096,51.447573788960774,84.8149200439453,102361.50625,1.1746739032013076,1.7042696769038836,4.181352003415426
VCFC_286,VCF24A149,20/11/2024,324,48.165943,16.324441,0,0,0,0,0,0,0,0,0,0,0,0,0,-0.10277966942105975,0.012287794608952633,52.12674496968587,80.67633616129557,102154.3625,1.271975124520915,1.1601191957791646,4.361024713516235
VCFC_287,VCF24A167,25/11/2024,329,48.217357,16.331486,0,0,0,0,0,0,5,0,0,0,0,0,0,-0.18005731999874114,0.015016397737652672,47.59553775787354,77.3074234008789,101752.52864583333,2.274954140683015,0.39798011382420856,4.176163903872172
VCFC_288,VCF24A084,10/11/2024,314,48.29387095,16.29527035,196,4,0,0,0,1,10,1,0,2,0,0,0,0.26710782339796424,1.6930497561891874e-05,78.18098420363206,90.89704425518329,102901.87019230769,0.26895638803641003,5.526044515463022,7.040031222196726
VCFC_289,VCF24A168,03/12/2024,337,48.20604711,16.3591487,0,0,0,0,0,0,0,0,0,0,0,0,74,-0.41722247848908106,0.008727372174810928,39.20422128041585,73.96453399658203,101992.59479166666,1.8026611493279536,0.08035659988721212,4.480291144053141
VCFC_290,VCF24A004,31/10/2024,304,48.226806,16.1649319,0,0,0,0,0,0,0,3,0,0,0,0,0,1.5920728365580241,0.010590505558017565,84.97471694946289,89.10594533284505,102618.25833333333,-0.7104319910208384,9.152849292755127,11.032280921936035
