sampleId,ParticipantId,collectionEnd,Days,Latitude,Longitude,melanogaster,simulans,suzukii,busckii,testacea,hydei,mercatorum,repleta,funebris,immigrans,phalerata,subobscura,virilis
VCFC_001,VCF24A001,19/06/2024,170,48.2909924,16.3305821,9,8,35,13,39,0,5,0,0,1,0,0,0
VCFC_002,VCF24A003,08/07/2024,189,48.24752,16.439,1,0,0,0,0,0,3,0,0,0,0,0,0
VCFC_003,VCF24A022,17/06/2024,168,48.211826,16.392461,0,0,0,0,0,0,0,0,0,0,0,0,0
VCFC_004,VCF24A012,21/06/2024,172,48.176807,16.36726,4,0,0,0,0,0,11,0,2,0,0,0,0
VCFC_005,VCF24A022,25/06/2024,176,48.211826,16.392461,2,0,0,0,0,0,13,0,0,0,0,0,0
VCFC_006,VCF24A054,23/06/2024,174,48.238611,16.38297,0,0,0,0,0,0,11,0,0,0,0,0,0
VCFC_007,VCF24M004,26/06/2024,177,48.2024576,16.3912598,47,1,0,0,0,0,4,0,1,0,0,0,0
VCFC_008,VCF24M006,26/06/2024,177,48.1993004,16.3526577,0,0,0,0,0,0,6,0,0,0,0,0,0
VCFC_009,VCF24A006,24/06/2024,175,48.232858,16.290515,0,0,0,0,0,0,1,0,0,0,0,0,0
VCFC_010,VCF24M005,26/06/2024,177,48.1984457,16.363255,6,0,0,0,0,0,2,0,0,0,0,0,0
VCFC_011,VCF24M008,26/06/2024,177,48.2216895,16.4020354,7,0,0,0,0,0,15,0,0,0,0,0,0
VCFC_012,VCF24A054,27/06/2024,178,48.238611,16.38297,5,0,0,0,0,0,76,0,1,0,0,0,0
VCFC_013,VCF24A010,01/07/2024,182,48.1525687,16.3701174,79,0,0,0,0,0,0,0,2,0,0,0,1
VCFC_014,VCF24A010,01/07/2024,182,48.1525687,16.3701174,21,8,5,2,1,1,0,0,23,23,2,0,0
VCFC_015,VCF24A084,02/07/2024,183,48.29387095,16.29527035,1,0,0,0,0,1,2,0,0,0,0,0,0
VCFC_016,VCF24A096,04/07/2024,185,48.179084,16.281316,0,0,0,0,0,0,29,0,0,0,0,0,0
VCFC_017,VCF24A119,05/07/2024,186,48.1925638,16.3639217,1,0,0,0,0,1,16,0,0,0,0,0,0
VCFC_018,VCF24A030,06/07/2024,187,48.1882827,16.3054565,42,0,14,0,0,0,0,0,0,0,2,0,0
VCFC_019,VCF24A049,08/07/2024,189,48.22026015,16.38459645,1,0,0,0,0,0,94,0,21,0,0,0,0
VCFC_020,VCF24A010,08/07/2024,189,48.1525687,16.3701174,31,0,0,0,0,2,4,0,9,10,0,0,0
VCFC_021,VCF24A054,05/07/2024,186,48.238611,16.38297,10,0,0,0,0,0,45,0,7,0,0,0,0
VCFC_022,VCF24A071,08/07/2024,189,48.194892,16.282509,5,0,0,0,0,0,32,0,1,0,0,0,0
VCFC_023,VCF24A005,08/07/2024,189,48.202186,16.295935,0,0,0,0,0,0,10,0,0,0,0,0,0
VCFC_024,VCF24A020,08/07/2024,189,48.2097492,16.3139526,0,0,0,0,0,10,54,0,0,0,0,0,0
VCFC_025,VCF24M009,09/07/2024,190,48.1820617,16.5031151,16,0,0,0,0,61,0,0,12,6,0,0,1
VCFC_025#2,VCF24M009,09/07/2024,190,48.1820617,16.5031151,13,9,0,0,0,0,0,0,0,0,0,0,0
VCFC_026,VCF24A003,09/07/2024,190,48.24752,16.439,0,0,0,0,0,0,10,0,0,0,0,0,0
VCFC_027,VCF24A100,09/07/2024,190,48.193077,16.316525,24,0,0,0,0,0,21,0,4,0,0,0,1
VCFC_028,VCF24A100,09/07/2024,190,48.193077,16.316525,0,0,0,0,0,0,26,0,0,0,0,0,0
VCFC_029,VCF24A010,11/07/2024,192,48.1525687,16.3701174,38,0,0,1,0,0,7,0,3,3,0,0,0
VCFC_030,VCF24A010,11/07/2024,192,48.1525687,16.3701174,12,0,4,0,0,0,0,0,0,0,0,0,0
VCFC_031,VCF24A005,12/07/2024,193,48.202186,16.295935,0,0,0,0,0,0,8,0,0,0,0,0,0
VCFC_032,VCF24A009,11/07/2024,192,48.4338949,16.47867439,0,0,0,1,0,29,1,0,0,0,0,0,0
VCFC_033,VCF24A054,12/07/2024,193,48.238611,16.38297,6,0,0,0,0,0,29,0,3,0,0,0,0
VCFC_034,VCF24A124,14/07/2024,195,48.1895931,16.2977181,0,0,0,0,0,2,32,0,1,0,0,0,0
VCFC_035,VCF24A055,11/07/2024,192,48.26137,16.384091,84,0,0,0,0,0,12,0,0,0,0,0,0
VCFC_036,VCF24A095,14/07/2024,195,48.1951118,16.2876311,65,0,0,0,0,3,47,0,20,0,0,0,0
VCFC_037,VCF24A010,15/07/2024,196,48.1525687,16.3701174,28,0,0,0,0,7,3,0,3,0,0,0,1
VCFC_038,VCF24A010,15/07/2024,196,48.1525687,16.3701174,8,11,4,0,0,0,0,0,0,1,0,0,0
VCFC_039,VCF24A016,15/07/2024,196,48.29798735,16.41942077,59,0,0,0,0,0,5,0,0,0,0,0,0
VCFC_040,VCF24A133,15/07/2024,196,48.2450494,16.3722084,22,0,0,0,0,1,14,0,0,0,0,0,0
VCFC_041,VCF24A014,17/07/2024,198,48.252675,16.338313,0,0,0,0,0,1,8,0,0,0,0,0,0
VCFC_042,VCF24A010,17/07/2024,198,48.1525687,16.3701174,15,0,0,0,0,1,3,0,3,0,0,0,0
VCFC_043,VCF24A010,17/07/2024,198,48.1525687,16.3701174,11,0,2,0,0,0,0,0,2,1,0,0,0
VCFC_044,VCF24A003,22/07/2024,203,48.24752,16.439,3,0,0,0,0,2,18,0,0,0,0,0,0
VCFC_045,VCF24A031,22/07/2024,203,48.2096648,16.3375929,63,0,0,0,0,3,15,0,3,0,0,0,0
VCFC_046,VCF24A133,22/07/2024,203,48.2450494,16.3722084,22,0,2,0,0,6,18,0,1,0,0,0,0
VCFC_047,VCF24A006,22/07/2024,203,48.232858,16.290515,25,0,0,0,0,0,11,0,0,0,0,0,0
VCFC_048,VCF24A071,18/07/2024,199,48.194892,16.282509,14,0,0,0,0,0,9,0,0,0,0,0,0
VCFC_049,VCF24A106,18/07/2024,199,48.180312,16.387895,1,0,0,0,0,47,4,0,1,0,0,0,0
VCFC_050,VCF24A010,22/07/2024,203,48.1525687,16.3701174,87,2,0,0,0,3,5,0,1,0,0,0,0
VCFC_051,VCF24A010,22/07/2024,203,48.1525687,16.3701174,14,0,38,0,0,2,3,0,2,1,0,0,0
VCFC_052,VCF24A135,22/07/2024,203,48.2520897,16.43862778,6,0,0,0,0,0,11,0,0,0,0,0,0
VCFC_053,VCF24A004,22/07/2024,203,48.226806,16.1649319,1,0,0,0,0,0,21,0,0,0,0,0,0
VCFC_054,VCF24A054,17/07/2024,198,48.238611,16.38297,32,0,0,0,0,0,23,0,2,0,0,0,0
VCFC_055,VCF24A003,08/07/2024,189,48.24752,16.439,2,0,0,0,0,0,1,0,0,0,0,0,0
VCFC_056,VCF24A001,16/07/2024,197,48.2909924,16.3305821,16,0,0,0,0,5,55,0,0,1,0,0,0
VCFC_057,VCF24A137,22/07/2024,203,48.2247254,16.38306948,73,0,0,0,0,1,48,0,3,0,0,0,0
VCFC_058,VCF24A132,23/07/2024,204,48.1938088,16.3432726,9,0,0,0,0,0,1,0,0,0,0,0,0
VCFC_059,VCF24A014,24/07/2024,205,48.252675,16.338313,0,0,0,0,0,3,14,0,0,1,0,0,0
VCFC_060,VCF24A053,25/07/2024,206,48.10110745,16.30012191,23,0,0,0,0,17,0,0,0,1,0,0,0
VCFC_061,VCF24A055,24/07/2024,205,48.26137,16.384091,10,1,1,0,0,1,3,0,0,0,0,0,0
VCFC_062,VCF24A071,25/07/2024,206,48.194892,16.282509,45,0,0,0,0,2,24,0,0,0,0,0,0
VCFC_063,VCF24A054,24/07/2024,205,48.238611,16.38297,41,0,0,0,0,1,30,0,1,0,0,0,0
VCFC_064,VCF24A132,23/07/2024,204,48.1938088,16.3432726,0,0,0,0,0,0,2003,0,0,0,0,0,0
VCFC_065,VCF24A085,25/07/2024,206,48.2236766,16.3742674,20,0,0,0,0,2,4,0,0,0,0,0,0
VCFC_066,VCF24A129,25/07/2024,206,48.2217373,16.3723924,11,0,0,0,0,0,25,0,1,0,0,0,0
VCFC_067,VCF24A061,26/07/2024,207,48.262432,16.427556,0,0,0,0,0,0,0,0,0,0,0,0,0
VCFC_068,VCF24A001,26/07/2024,207,48.2909924,16.3305821,11,0,0,0,0,2,31,0,0,0,0,0,0
VCFC_069,VCF24A132,27/07/2024,208,48.1938088,16.3432726,17,0,0,0,0,0,7,0,1,0,0,0,0
VCFC_071,VCF24A022,28/07/2024,209,48.211826,16.392461,0,0,0,0,0,0,11,0,0,0,0,0,0
VCFC_072,VCF24A141,28/07/2024,209,48.215696,16.389651,1,0,0,0,0,0,19,0,0,0,0,0,0
VCFC_073,VCF24A010,29/07/2024,210,48.1525687,16.3701174,0,0,45,0,0,1,0,0,0,2,2,0,0
VCFC_074,VCF24A010,29/07/2024,210,48.1525687,16.3701174,15,0,0,0,0,2,6,0,3,0,0,0,0
VCFC_075,VCF24A142,30/07/2024,211,48.251925,16.320591,0,0,0,0,0,0,646,0,0,0,0,0,0
VCFC_076,VCF24A142,30/07/2024,211,48.251925,16.320591,0,0,0,0,0,0,121,0,0,0,0,0,0
VCFC_078,VCF24A149,01/08/2024,213,48.165943,16.324441,0,0,0,0,0,0,3,0,0,0,0,0,0
VCFC_079,VCF24A149,01/08/2024,213,48.165943,16.324441,2,0,0,0,0,0,2,0,0,0,0,0,0
VCFC_080,VCF24A004,31/07/2024,212,48.226806,16.1649319,36,0,0,0,0,0,40,0,0,0,0,0,0
VCFC_081,VCF24A133,31/07/2024,212,48.2450494,16.3722084,0,0,0,0,0,7,21,0,0,0,0,0,0
VCFC_082,VCF24A035,24/07/2024,205,48.1564925,16.28339381,12,21,7,0,1,0,0,0,0,0,0,1,0
VCFC_083,VCF24A035,24/07/2024,205,48.1564925,16.28339381,57,0,0,0,0,8,1,0,0,0,0,0,0
VCFC_084,VCF24A035,30/07/2024,211,48.1564925,16.28339381,0,6,3,0,0,0,0,0,0,0,0,0,0
VCFC_085,VCF24A035,31/07/2024,212,48.1564925,16.28339381,52,0,0,0,0,1,4,0,0,0,0,0,0
VCFC_086,VCF24A014,31/07/2024,212,48.252675,16.338313,33,0,0,0,0,7,12,0,0,0,0,0,0
VCFC_087,VCF24A142,31/07/2024,212,48.251925,16.320591,0,0,0,0,0,0,7,0,0,0,0,0,0
VCFC_088,VCF24A144,01/08/2024,213,48.196621,16.391428,0,0,0,0,0,0,117,0,0,0,0,0,0
VCFC_089,VCF24A146,02/08/2024,214,48.202099,16.343202,25,4,0,0,0,1,7,0,1,0,0,0,0
VCFC_090,VCF24A054,04/08/2024,216,48.238611,16.38297,1,0,0,0,0,0,23,0,0,0,0,0,0
VCFC_091,VCF24A055,03/08/2024,215,48.26137,16.384091,16,9,0,0,0,1,1,0,0,0,0,0,0
VCFC_092,VCF24A150,05/08/2024,217,48.204611,16.267526,2,6,0,0,0,19,1,0,1,0,0,0,0
VCFC_093,VCF24A124,05/08/2024,217,48.1895931,16.2977181,4,0,0,0,0,0,46,0,1,0,0,0,0
VCFC_094,VCF24A084,05/08/2024,217,48.29387095,16.29527035,39,4,0,3,0,1,5,0,0,0,0,0,0
VCFC_095,VCF24A004,05/08/2024,217,48.226806,16.1649319,8,0,0,0,0,0,22,0,0,0,0,0,0
VCFC_096,VCF24A022,05/08/2024,217,48.211826,16.392461,40,0,0,0,0,0,8,0,0,0,0,0,0
VCFC_097,VCF24A149,08/08/2024,220,48.165943,16.324441,2,0,0,0,0,0,3,0,1,0,0,0,0
VCFC_098,VCF24A051,07/08/2024,219,48.2389401,16.3107359,0,2,0,0,0,0,45,0,0,0,0,0,0
VCFC_099,VCF24A141,07/08/2024,219,48.215696,16.389651,2,0,0,0,0,0,26,0,1,0,0,0,0
VCFC_100,VCF24A129,08/08/2024,220,48.2217373,16.3723924,75,0,0,0,0,1,49,0,2,0,0,0,0
VCFC_101,VCF24A133,09/08/2024,221,48.2450494,16.3722084,0,0,2,0,0,25,12,0,0,0,0,0,0
VCFC_102,VCF24A135,09/08/2024,221,48.2520897,16.43862778,2,0,0,0,0,0,5,0,0,0,0,0,0
VCFC_103,VCF24A004,08/08/2024,220,48.226806,16.1649319,0,0,0,0,0,0,0,0,0,0,0,0,0
VCFC_104,VCF24A035,07/08/2024,219,48.1564925,16.28339381,40,33,7,0,0,0,0,0,0,0,0,0,0
VCFC_105,VCF24A035,07/08/2024,219,48.1564925,16.28339381,36,0,0,1,0,1,5,0,0,0,0,0,0
VCFC_106,VCF24A035,11/08/2024,223,48.1564925,16.28339381,25,0,0,0,0,0,0,0,0,5,2,0,0
VCFC_107,VCF24A035,11/08/2024,223,48.1564925,16.28339381,86,2,0,0,0,2,5,0,0,0,0,0,0
VCFC_108,VCF24A001,10/08/2024,222,48.2909924,16.3305821,42,6,0,0,0,5,23,0,0,0,0,0,0
VCFC_109,VCF24A040,12/08/2024,224,48.16463525,16.29894373,24,0,0,0,0,2,1,0,0,0,0,0,0
VCFC_110,VCF24A106,12/08/2024,224,48.180312,16.387895,84,0,0,0,0,28,4,0,1,0,0,0,0
VCFC_111,VCF24A151,12/07/2024,193,48.1994451,16.3496835,8,0,0,0,0,5,330,0,1,0,0,0,0
VCFC_112,VCF24A001,12/08/2024,224,48.2909924,16.3305821,11,5,0,0,0,1,28,0,0,0,0,0,0
VCFC_114,VCF24A084,13/08/2024,225,48.29387095,16.29527035,39,0,0,0,0,1,13,0,0,0,0,0,0
VCFC_115,VCF24A067,26/07/2024,207,48.296142,16.564001,0,0,0,0,0,0,0,0,0,0,0,0,0
VCFC_116,VCF24A067,12/08/2024,224,48.296142,16.564001,0,0,0,0,0,0,1,0,0,0,0,0,0
VCFC_117,VCF24A004,13/08/2024,225,48.226806,16.1649319,3,0,0,0,0,0,3,0,0,0,0,0,0
VCFC_118,VCF24A014,13/08/2024,225,48.252675,16.338313,0,0,0,0,0,0,3,0,0,0,0,0,0
VCFC_119,VCF24A125,01/08/2024,213,48.229845,16.354887,20,0,0,0,0,0,32,0,0,0,0,0,0
VCFC_120,VCF24A019,13/08/2024,225,48.2072188,16.37597441,0,0,0,0,0,0,6,0,0,0,0,0,0
VCFC_121,VCF24A148,12/08/2024,224,48.211029,16.377193,99,0,0,0,0,9,7,0,0,0,0,0,0
VCFC_122,VCF24A071,16/08/2024,228,48.194892,16.282509,14,0,0,0,0,3,12,0,0,0,0,0,0
VCFC_123,VCF24A149,14/08/2024,226,48.165943,16.324441,0,0,0,0,0,0,4,0,0,0,0,0,0
VCFC_124,VCF24A030,18/08/2024,230,48.1882827,16.3054565,15,0,0,0,0,4,8,0,1,0,0,0,2
VCFC_125,VCF24A084,18/08/2024,230,48.29387095,16.29527035,17,0,0,0,0,6,14,0,0,0,0,0,0
VCFC_126,VCF24A142,14/08/2024,226,48.251925,16.320591,0,0,0,0,0,1,2271,0,0,0,0,0,0
VCFC_127,VCF24A008,19/08/2024,231,48.2103138,16.3263737,20,0,0,0,0,3,14,0,2,0,0,0,6
VCFC_128,VCF24A009,18/08/2024,230,48.4338949,16.47867439,25,0,0,0,0,0,11,0,0,0,0,0,0
VCFC_129,VCF24A133,19/08/2024,231,48.2450494,16.3722084,7,0,0,0,0,1,4,0,0,0,0,0,0
VCFC_130,VCF24A056,19/08/2024,231,48.2022743,16.34718763,6,0,0,0,0,0,7,0,0,0,0,0,0
VCFC_131_1,VCF24A049,22/07/2024,203,48.22026015,16.38459645,0,0,0,0,0,0,21,0,0,0,0,0,0
VCFC_131_2,VCF24A164,22/07/2024,203,46.7132072,11.664763,46,0,0,0,0,0,0,0,0,0,0,0,0
VCFC_131_3,VCF24A165,22/07/2024,203,48.1149444,11.5832909,0,0,0,0,0,0,1,0,0,0,0,0,0
VCFC_132,VCF24A142,20/08/2024,232,48.251925,16.320591,0,0,0,0,0,0,292,0,0,0,0,0,0
VCFC_133,VCF24A014,20/08/2024,232,48.252675,16.338313,0,0,0,0,0,5,15,0,0,0,0,0,0
VCFC_134,VCF24A084,19/08/2024,231,48.29387095,16.29527035,25,0,0,0,0,11,23,0,0,0,0,0,0
VCFC_135,VCF24A102,18/08/2024,230,48.161427,16.377245,0,0,0,0,0,0,1,0,0,0,0,0,0
VCFC_136,VCF24A003,21/08/2024,233,48.24752,16.439,0,0,0,0,0,0,0,0,0,0,0,0,0
VCFC_137,VCF24A040,21/08/2024,233,48.16463525,16.29894373,37,0,0,0,0,21,3,0,2,0,0,0,1
VCFC_138,VCF24A153,20/08/2024,232,48.2083537,16.3725042,0,0,0,0,0,0,4,0,0,0,0,0,0
VCFC_139,VCF24A129,21/08/2024,233,48.2217373,16.3723924,9,1,0,0,0,4,44,0,1,0,0,0,0
VCFC_140,VCF24A054,21/08/2024,233,48.238611,16.38297,60,0,0,0,0,8,50,0,2,0,0,0,0
VCFC_141,VCF24A149,21/08/2024,233,48.165943,16.324441,2,0,0,0,0,0,4,0,0,0,0,0,0
VCFC_142,VCF24A152,22/08/2024,234,48.214946,16.307119,11,0,0,0,0,0,2,0,0,0,0,0,1
VCFC_143,VCF24A121,22/08/2024,234,48.1936436,16.39628617,18,0,0,0,0,1,13,0,0,0,0,0,0
VCFC_144,VCF24A051,22/08/2024,234,48.2389401,16.3107359,17,0,0,0,0,1,29,0,0,0,0,0,0
VCFC_145,VCF24A003,26/08/2024,238,48.24752,16.439,0,0,0,0,0,0,20,0,0,0,0,0,0
VCFC_146,VCF24A084,26/08/2024,238,48.29387095,16.29527035,0,0,0,0,0,4,6,0,0,1,0,0,0
VCFC_147,VCF24A141,23/08/2024,235,48.215696,16.389651,19,0,0,0,0,0,2,0,2,0,0,0,0
VCFC_148,VCF24A054,25/08/2024,237,48.238611,16.38297,381,0,0,0,0,14,44,0,1,0,0,0,0
VCFC_149,VCF24A066_2,26/08/2024,238,47.8326455,16.622614,34,60,0,0,0,116,3,0,0,13,0,0,0
VCFC_150,VCF24A082,19/08/2024,231,48.3017437,15.89634159,151,0,0,0,0,12,6,0,0,0,0,0,0
VCFC_151,VCF24A128,26/08/2024,238,48.207303,16.526469,8,0,0,0,0,0,0,0,0,0,0,0,0
VCFC_152,VCF24A004,26/08/2024,238,48.226806,16.1649319,47,0,0,0,0,1,40,0,0,0,0,0,0
VCFC_153,VCF24A010,26/08/2024,238,48.1525687,16.3701174,10,0,0,0,0,2,7,0,0,0,0,0,0
VCFC_154,VCF24A010,26/08/2024,238,48.1525687,16.3701174,0,0,0,0,0,0,0,0,0,0,0,0,0
VCFC_155,VCF24A154,26/08/2024,238,48.179639,16.334559,35,0,0,0,0,0,8,0,7,0,0,0,0
VCFC_156,VCF24A128,27/08/2024,239,48.207303,16.526469,0,0,0,0,0,0,1,0,0,0,0,0,0
VCFC_157,VCF24A098,27/08/2024,239,48.1546511,16.18490002,7,0,0,0,0,0,0,0,0,0,0,0,0
VCFC_158,VCF24A107,31/07/2024,212,48.186599,16.374685,0,0,0,0,0,0,4,0,0,0,0,0,0
VCFC_159,VCF24A018,28/08/2024,240,48.18784,16.356778,4,0,0,0,0,10,19,0,2,0,0,0,0
VCFC_160,VCF24A053,28/08/2024,240,48.10110745,16.30012191,59,0,0,0,0,7,3,0,2,0,0,0,1
VCFC_161,VCF24A141,28/08/2024,240,48.215696,16.389651,10,0,0,0,0,1,24,27,1,0,0,0,0
VCFC_162,VCF24A149,24/08/2024,236,48.165943,16.324441,0,0,0,0,0,2,5,7,0,0,0,0,0
VCFC_163,VCF24A047,28/08/2024,240,48.19438,16.3196898,0,0,0,0,0,4,9,5,0,0,0,0,0
VCFC_164,VCF24A056,30/08/2024,242,48.2022743,16.34718763,0,0,0,0,0,0,1,2,0,0,0,0,0
VCFC_165,VCF24A054,31/08/2024,243,48.238611,16.38297,27,0,0,0,0,220,102,102,2,0,0,0,0
VCFC_166,VCF24A001,01/09/2024,244,48.2909924,16.3305821,126,0,0,0,0,1,46,0,0,0,0,0,0
VCFC_167,VCF24A125,19/08/2024,231,48.229845,16.354887,5,0,0,0,0,0,1,0,0,0,0,0,0
VCFC_168,VCF24A149,30/08/2024,242,48.165943,16.324441,3,0,0,0,0,0,2,1,0,0,0,0,0
VCFC_169,VCF24A006,01/09/2024,244,48.232858,16.290515,0,0,0,0,0,1,12,4,0,0,0,0,0
VCFC_170,VCF24A022,01/09/2024,244,48.211826,16.392461,14,2,0,0,0,0,21,3,0,0,0,0,0
VCFC_171,VCF24A085,02/09/2024,245,48.2236766,16.3742674,7,5,0,0,0,3,9,6,0,0,0,0,0
VCFC_173,VCF24A129,02/09/2024,245,48.2217373,16.3723924,31,0,0,0,0,42,30,69,2,0,0,0,0
VCFC_174,VCF24A010,02/09/2024,245,48.1525687,16.3701174,9,0,0,0,0,0,2,1,0,0,0,0,0
VCFC_175,VCF24A010,02/09/2024,245,48.1525687,16.3701174,0,1,4,0,1,0,0,0,0,0,10,0,0
VCFC_176,VCF24A014,02/09/2024,245,48.252675,16.338313,1,0,0,0,0,0,5,1,0,0,0,0,0
VCFC_177,VCF24A001,02/09/2024,245,48.2909924,16.3305821,69,0,0,0,0,0,89,0,0,0,0,0,0
VCFC_178,VCF24A143,05/09/2024,248,46.6177207,14.0412346,90,0,0,0,0,2,19,3,0,0,0,0,0
VCFC_179,VCF24A083,05/08/2024,217,48.1973106,16.3854827,1,0,0,0,0,1,17,11,0,0,0,0,0
VCFC_180,VCF24A127,08/09/2024,251,48.2212779,16.3227521,0,0,0,0,0,0,10,15,1,0,0,0,0
VCFC_181,VCF24A149,06/09/2024,249,48.165943,16.324441,0,0,0,0,0,0,1,0,0,0,0,0,0
VCFC_182,VCF24A010,09/09/2024,252,48.1525687,16.3701174,12,16,8,0,2,0,0,0,0,1,3,0,0
VCFC_183,VCF24A010,09/09/2024,252,48.1525687,16.3701174,15,0,0,0,0,0,2,6,3,0,0,0,0
VCFC_184,VCF24A009,07/09/2024,250,48.4338949,16.47867439,54,0,0,0,0,2,5,0,0,0,0,0,0
VCFC_185,VCF24A009,07/09/2024,250,48.4338949,16.47867439,49,9,0,0,0,2,4,0,0,0,0,0,0
VCFC_186,VCF24A147,29/08/2024,241,46.6406261,13.8918321,174,16,0,0,0,11,10,0,0,0,0,0,0
VCFC_187,VCF24A141,11/08/2024,223,48.215696,16.389651,10,0,0,0,0,0,17,2,0,0,0,0,0
VCFC_188,VCF24A021,11/08/2024,223,48.207718,16.229537,9,3,0,1,0,1,5,0,0,0,0,0,0
VCFC_189,VCF24A014,11/09/2024,254,48.252675,16.338313,2,0,0,0,0,0,39,8,0,0,0,0,0
VCFC_192,VCF24A149,13/09/2024,256,48.165943,16.324441,0,0,0,0,0,1,2,2,0,0,0,0,0
VCFC_193,VCF24A141,11/09/2024,254,48.215696,16.389651,17,10,0,0,0,1,2,0,0,0,0,0,0
VCFC_194,VCF24A143,13/09/2024,256,46.6177207,14.0412346,2,0,0,0,0,0,49,0,0,0,0,0,0
VCFC_195,VCF24A129,13/09/2024,256,48.2217373,16.3723924,5,0,0,0,0,4,25,33,0,0,0,0,0
VCFC_196,VCF24A025,16/09/2024,259,48.255813,16.419907,693,0,0,0,0,0,3,0,0,0,0,0,0
VCFC_197,VCF24A010,16/09/2024,259,48.1525687,16.3701174,0,6,0,0,0,0,0,0,0,0,0,0,0
VCFC_198,VCF24A010,16/09/2024,259,48.1525687,16.3701174,3,0,0,0,0,0,5,1,0,0,0,0,0
VCFC_199,VCF24A146,16/09/2024,259,48.202099,16.343202,5,0,0,0,0,8,35,4,1,0,0,0,0
VCFC_200,VCF24A142,17/09/2024,260,48.251925,16.320591,0,1,0,0,0,0,15,0,0,0,0,0,0
VCFC_201,VCF24A014,17/09/2024,260,48.252675,16.338313,0,0,0,0,0,0,11,9,0,0,0,0,0
VCFC_202,VCF24A005,19/09/2024,262,48.202186,16.295935,5,0,0,0,0,0,12,14,0,0,0,0,0
VCFC_203,VCF24A025,19/09/2024,262,48.255813,16.419907,275,0,0,0,0,0,0,0,0,0,0,0,0
VCFC_204,VCF24A001,22/09/2024,265,48.2909924,16.3305821,22,0,0,0,0,0,55,0,0,0,0,0,0
VCFC_205,VCF24A010,23/09/2024,266,48.1525687,16.3701174,4,0,0,0,0,0,1,0,0,0,0,0,0
VCFC_206,VCF24A010,23/09/2024,266,48.1525687,16.3701174,0,14,0,0,0,0,0,0,0,2,1,0,0
VCFC_207,VCF24A054,22/09/2024,265,48.238611,16.38297,2,0,0,0,0,0,19,69,0,0,0,0,0
VCFC_208,VCF24A019,20/09/2024,263,48.2072188,16.37597441,0,0,0,0,0,0,1,0,0,0,0,0,0
VCFC_209,VCF24A147,16/09/2024,259,46.6406261,13.8918321,250,16,0,0,0,6,8,0,0,1,0,0,0
VCFC_210,VCF24A005,27/09/2024,270,48.202186,16.295935,0,0,0,0,0,0,14,5,0,0,0,0,0
VCFC_211,VCF24A128,26/09/2024,269,48.207303,16.526469,1,1,0,0,0,1,0,1,0,0,0,0,0
VCFC_212,VCF24A014,25/09/2024,268,48.252675,16.338313,4,0,0,0,0,1,5,2,0,0,0,0,0
VCFC_213,,25/09/2024,268,48.1942056,16.356745,0,0,0,0,0,0,2,1,0,0,0,0,0
VCFC_214,VCF24A149,23/09/2024,266,48.165943,16.324441,0,0,0,0,0,0,1,2,0,0,0,0,0
VCFC_215,VCF24A133,28/09/2024,271,48.2450494,16.3722084,7,0,0,0,0,0,2,0,0,0,0,0,0
VCFC_216,VCF24A022,29/09/2024,272,48.211826,16.392461,0,0,0,0,0,1,16,5,0,0,0,0,0
VCFC_217,VCF24A010,30/09/2024,273,48.1525687,16.3701174,0,4,2,0,0,0,0,0,0,0,0,0,0
VCFC_218,VCF24A010,30/09/2024,273,48.1525687,16.3701174,5,5,0,0,0,0,3,0,0,0,0,0,0
VCFC_219,VCF24A019,30/09/2024,273,48.2072188,16.37597441,4,0,0,0,0,0,0,0,0,0,0,0,0
VCFC_220,VCF24A149,01/10/2024,274,48.165943,16.324441,0,0,0,0,0,0,0,5,0,0,0,0,0
VCFC_221,VCF24A003,05/09/2024,248,48.24752,16.439,0,0,0,0,0,0,3,0,0,0,0,0,0
VCFC_222,VCF24A004,29/09/2024,272,48.226806,16.1649319,11,0,0,0,0,0,11,3,0,0,0,0,0
VCFC_223,VCF24A014,02/10/2024,275,48.252675,16.338313,6,0,0,0,0,0,14,1,0,0,0,0,0
VCFC_224,VCF24A129,02/10/2024,275,48.2217373,16.3723924,8,0,0,0,0,1,18,14,2,0,0,0,0
VCFC_225,VCF24A001,04/10/2024,277,48.2909924,16.3305821,71,3,0,0,0,0,21,0,0,0,0,0,0
VCFC_226,VCF24A055,06/10/2024,279,48.26137,16.384091,33,0,1,0,0,4,3,5,1,0,0,0,0
VCFC_227,VCF24A054,06/10/2024,279,48.238611,16.38297,28,0,0,0,0,5,24,49,0,0,0,0,0
VCFC_228,VCF24A131,04/10/2024,277,48.210122,16.412825,0,0,0,0,0,2,4,10,0,0,0,0,0
VCFC_229,VCF24A160,07/10/2024,280,48.3427,16.40195,19,0,0,0,0,0,3,0,0,0,0,0,0
VCFC_230,VCF24A067,08/10/2024,281,48.296142,16.564001,0,0,0,0,0,0,16,7,0,0,0,0,0
VCFC_231,VCF24A009,09/10/2024,282,48.4338949,16.47867439,40,8,0,0,0,1,21,0,0,0,0,0,0
VCFC_232,VCF24A009,09/10/2024,282,48.4338949,16.47867439,23,8,0,0,0,0,16,0,0,0,0,0,0
VCFC_233,VCF24A159,11/10/2024,284,48.23098,16.46349,6,0,0,0,0,0,0,0,0,0,0,0,0
VCFC_234,VCF24A157,10/10/2024,283,48.17803,16.27124,0,0,0,0,0,0,3,14,0,0,0,0,0
VCFC_235,VCF24M010,12/10/2024,285,48.26103,16.338216,2,10,0,0,0,1,0,0,0,0,0,0,0
VCFC_236,VCF24M010,12/10/2024,285,48.26103,16.338216,86,18,0,0,0,0,0,0,0,0,0,0,0
VCFC_237,VCF24M011,12/10/2024,285,48.254046,16.31076,69,30,0,0,0,0,0,0,0,0,0,4,0
VCFC_238,VCF24A163,13/10/2024,286,48.2938722,16.3245931,6,0,0,0,0,0,6,0,0,0,0,0,0
VCFC_239,VCF24A084,13/10/2024,286,48.29387095,16.29527035,121,4,0,0,0,1,6,1,0,0,0,0,0
VCFC_240,VCF24A004,13/10/2024,286,48.226806,16.1649319,8,0,0,0,0,0,1,0,0,0,0,0,0
VCFC_241,VCF24A019,12/10/2024,285,48.2072188,16.37597441,0,0,0,0,0,0,1,0,1,0,0,0,0
VCFC_242,VCF24A091,13/10/2024,286,48.187254,16.349366,0,0,0,0,0,0,26,5,0,0,0,0,0
VCFC_243,VCF24A142,13/10/2024,286,48.251925,16.320591,2,0,0,0,0,0,10,1,0,0,0,0,0
VCFC_244,VCF24A149,13/10/2024,286,48.165943,16.324441,0,0,0,0,0,0,2,1,0,0,0,0,0
VCFC_245,VCF24A006,11/10/2024,284,48.232858,16.290515,0,0,0,0,0,0,0,1,0,0,0,0,0
VCFC_246,VCF24A080,15/10/2024,288,48.222543,16.328819,7,0,0,0,0,1,2,16,0,0,0,0,0
VCFC_247,VCF24A030,15/10/2024,288,48.1882827,16.3054565,1,0,0,0,0,0,5,2,0,0,0,0,0
VCFC_248,VCF24A128,15/10/2024,288,48.207303,16.526469,6,0,0,0,0,0,0,0,0,0,0,0,0
VCFC_249,VCF24A066,15/10/2024,288,48.2015272,16.3908343,5,15,0,0,0,0,1,0,0,0,0,0,0
VCFC_250,VCF24A162,16/10/2024,289,48.1935351,16.3693088,3,0,0,0,0,3,14,0,0,0,0,0,0
VCFC_251,VCF24A010,15/10/2024,288,48.1525687,16.3701174,16,0,0,0,0,0,0,0,0,0,0,0,0
VCFC_252,VCF24A082,14/10/2024,287,48.3017437,15.89634159,296,0,0,0,0,1,2,0,0,0,0,0,0
VCFC_253,VCF24A128,21/10/2024,294,48.207303,16.526469,7,0,0,0,0,0,0,0,0,0,0,0,0
VCFC_254,VCF24A005,22/10/2024,295,48.202186,16.295935,0,0,0,0,0,0,4,16,0,0,0,0,0
VCFC_255,VCF24A084,17/10/2024,290,48.29387095,16.29527035,108,4,0,0,0,0,6,0,0,0,0,0,0
VCFC_256,VCF24A157,22/10/2024,295,48.17803,16.27124,0,0,0,0,0,0,0,24,0,0,0,0,0
VCFC_257,VCF24A010,22/10/2024,295,48.1525687,16.3701174,0,1,2,0,0,0,0,0,0,0,0,0,0
VCFC_258,VCF24A010,22/10/2024,295,48.1525687,16.3701174,22,0,0,0,0,0,1,0,0,0,0,0,0
VCFC_259,VCF24A155,22/10/2024,295,48.28229,15.71151,220,0,0,0,0,3,6,1,0,0,0,0,0
VCFC_260,VCF24A014,23/10/2024,296,48.252675,16.338313,3,0,0,0,0,0,1,0,0,0,0,0,0
VCFC_261,VCF24A149,26/10/2024,299,48.165943,16.324441,7,0,0,0,0,0,2,0,0,0,0,0,0
VCFC_262,VCF24A005,28/10/2024,301,48.202186,16.295935,0,0,0,0,0,0,5,22,0,0,0,0,0
VCFC_263,VCF24A035,27/10/2024,300,48.1564925,16.28339381,59,0,0,0,0,0,4,0,0,0,0,0,0
VCFC_264,VCF24A035,27/10/2024,300,48.1564925,16.28339381,6,10,6,0,0,0,0,0,1,0,0,0,0
VCFC_265,VCF24A010,30/10/2024,303,48.1525687,16.3701174,30,2,0,0,0,0,0,2,0,0,0,0,0
VCFC_266,VCF24A161,29/10/2024,302,48.201737,16.389169,17,0,0,0,0,0,0,0,0,0,0,0,0
VCFC_267,VCF24A028,30/10/2024,303,48.083889,16.28351,25,0,0,0,0,0,0,0,0,0,0,0,0
VCFC_268,VCF24A060,30/10/2024,303,48.2163425,16.3573787,21,0,0,0,0,0,3,0,0,0,0,0,0
VCFC_269,VCF24A014,31/10/2024,304,48.252675,16.338313,26,0,0,0,0,0,2,0,0,0,0,0,0
VCFC_270,VCF24A019,02/11/2024,306,48.2072188,16.37597441,0,0,0,0,0,0,3,0,0,0,0,0,0
VCFC_271,VCF24A147,10/10/2024,283,46.6406261,13.8918321,213,5,0,0,0,0,5,0,0,0,0,0,0
VCFC_272,CoordVorhanden,04/11/2024,308,48.4713164,15.9814074,110,0,0,0,0,5,9,3,1,0,0,0,1
VCFC_273,VCF24A162,05/11/2024,309,48.1935351,16.3693088,32,0,0,0,0,0,3,2,1,0,0,0,0
VCFC_274,VCF24A133,06/11/2024,310,48.2450494,16.3722084,33,0,0,0,0,1,0,3,0,0,0,0,0
VCFC_275,VCF24A010,05/10/2024,278,48.1525687,16.3701174,11,0,0,0,0,0,0,0,0,0,0,0,0
VCFC_276,VCF24A010,05/10/2024,278,48.1525687,16.3701174,0,0,0,0,0,0,0,0,0,0,0,0,0
VCFC_278,VCF24A005,08/10/2024,281,48.202186,16.295935,0,0,0,0,0,0,0,7,0,0,0,0,0
VCFC_279,VCF24A001,11/11/2024,315,48.2909924,16.3305821,181,0,0,0,0,1,86,13,0,0,0,0,0
VCFC_280,VCF24A003,02/11/2024,306,48.24752,16.439,16,0,0,0,0,0,0,0,0,0,0,0,0
VCFC_282,VCF24A014,07/11/2024,311,48.252675,16.338313,19,0,0,0,0,0,0,0,0,0,0,0,0
VCFC_283,VCF24A010,14/11/2024,318,48.1525687,16.3701174,0,0,0,0,0,0,0,0,0,0,0,0,0
VCFC_284,VCF24A010,14/11/2024,318,48.1525687,16.3701174,0,0,3,0,0,0,0,0,0,1,0,0,0
VCFC_285,VCF24A005,19/11/2024,323,48.202186,16.295935,0,0,0,0,0,0,5,6,0,0,0,0,0
VCFC_286,VCF24A149,20/11/2024,324,48.165943,16.324441,0,0,0,0,0,0,0,0,0,0,0,0,0
VCFC_287,VCF24A167,25/11/2024,329,48.217357,16.331486,0,0,0,0,0,0,5,0,0,0,0,0,0
VCFC_288,VCF24A084,10/11/2024,314,48.29387095,16.29527035,196,4,0,0,0,1,10,1,0,2,0,0,0
VCFC_289,VCF24A168,03/12/2024,337,48.20604711,16.3591487,0,0,0,0,0,0,0,0,0,0,0,0,74
VCFC_290,VCF24A004,31/10/2024,304,48.226806,16.1649319,0,0,0,0,0,0,0,3,0,0,0,0,0
